PID,NAME,AGE,B,YR,TM,POS,G,PA,AB,R,H,2B,3B,HR,RBI,RP,TBB,IBB,SO,SB,CS,SBP,AVG,OBP,SLG,OPS,SH,SF,HBP,TB,GDP,OPS+,RCbasic,RCsb,RCtech,RAA,WAA,RAR,WAR,waaWL%,162WL%,oWAR,dWAR,oRAR
i0,"Iannetta, Chris",21,R,2004,COL-min,,36,152,121,23,38,5,1,5,17,40,27,0,29,0,1,0,0.314,0.454,0.496,0.95,0,0,4,60,3,,26.3513513514,25.9459459459,4423.9,,,,,,,,,
i0,"Iannetta, Chris",22,R,2005,COL-min,,108,428,355,63,93,24,4,14,70,133,64,1,87,1,2,0.333,0.262,0.375,0.47,0.845,1,5,3,167,15,,62.5751789976,61.98150358,26334.8885046729,,,,,,,,,
i0,"Iannetta, Chris",23,R,2006,COL-min,,91,365,307,61,103,22,3,14,48,109,48,0,55,1,0,1,0.336,0.433,0.564,0.996,2,2,6,173,12,,73.585915493,73.8198591549,27120.8071232877,,,,,,,,,
i0,"Iannetta, Chris",23,R,2006,COL,C,21,93,77,12,20,4,0,2,10,22,13,2,17,0,1,0,0.26,0.37,0.39,0.759,1,1,1,30,1,89,11,10.6666666667,1059.8511827957,-3,-0.3,0,0,0.487,0.498,0.3,-0.2,3
i0,"Iannetta, Chris",24,R,2007,COL-min,,16,63,54,8,16,3,0,1,7,15,7,0,6,0,0,,0.296,0.397,0.407,0.804,0,0,2,22,4,,8.2950819672,8.2950819672,511.14,,,,,,,,,
i0,"Iannetta, Chris",24,R,2007,COL,C,67,234,197,22,43,8,3,4,27,49,29,3,58,0,0,,0.218,0.33,0.35,0.681,1,2,5,69,3,72,21.982300885,21.982300885,5702.4466666667,-3,-0.3,4,0.3,0.495,0.498,0.3,0.3,4
i0,"Iannetta, Chris",25,R,2008,COL,C,104,407,333,50,88,22,2,18,65,115,56,0,92,0,0,,0.264,0.39,0.505,0.895,2,2,14,168,6,125,62.1902313625,62.1902313625,28302.4051105651,20,1.9,33,3.1,0.52,0.513,3.2,0.6,33
i0,"Iannetta, Chris",26,R,2009,COL-min,,4,17,15,3,5,2,0,1,3,6,2,0,6,0,0,,0.333,0.412,0.667,1.078,0,0,0,10,0,,4.1176470588,4.1176470588,73.64,,,,,,,,,
i0,"Iannetta, Chris",26,R,2009,COL,C,93,350,289,41,66,15,2,16,52,93,43,3,75,0,1,0,0.228,0.344,0.46,0.804,1,6,11,133,4,101,43.6656626506,43.265060241,16819.9104,7,0.7,18,1.8,0.508,0.504,1.4,0.9,15
i0,"Iannetta, Chris",27,R,2010,COL-min,,17,76,63,17,22,7,0,5,21,38,10,0,10,0,0,,0.349,0.447,0.698,1.146,0,1,2,44,3,,19.2876712329,19.2876712329,1460.7268421053,,,,,,,,,
i0,"Iannetta, Chris",27,R,2010,COL,C,61,223,188,20,37,6,1,9,27,47,30,2,48,1,0,1,0.197,0.318,0.383,0.701,0,1,4,72,4,78,22.128440367,22.2974770642,5381.4446636771,-8,-0.9,-1,-0.2,0.486,0.495,0.2,-0.1,3
i0,"Iannetta, Chris",28,R,2011,COL,C,112,426,345,51,82,17,1,14,55,106,70,5,89,6,3,0.667,0.238,0.37,0.414,0.785,2,4,5,143,10,101,52.3759036145,52.5269879518,23212.8146478873,18,1.9,31,3.2,0.517,0.512,2.3,1.6,23
i0,"Iannetta, Chris",29,R,2012,LAA-min,,6,25,22,3,6,2,0,0,2,5,3,0,7,0,0,,0.273,0.36,0.364,0.724,0,0,0,8,1,,2.88,2.88,70.24,,,,,,,,,
i0,"Iannetta, Chris",29,R,2012,LAA,C,79,253,221,27,53,6,1,9,26,53,29,0,60,1,3,0.25,0.24,0.332,0.398,0.73,0,1,2,88,4,106,28.864,27.9818,7396.6241106719,4,0.4,13,1.3,0.505,0.502,1.3,0.5,13
i0,"Iannetta, Chris",30,R,2013,LAA,C,115,399,325,40,73,15,0,11,39,79,68,2,100,0,1,0,0.225,0.358,0.372,0.731,0,4,2,121,8,109,43.4122137405,43.1043256997,18583.1252130326,6,0.8,20,2.1,0.505,0.504,2.8,0.1,27
i0,"Iannetta, Chris",31,R,2014,LAA,C,108,373,306,41,77,22,0,7,43,84,54,3,91,3,0,1,0.252,0.373,0.392,0.765,0,5,8,120,3,122,43.6666666667,44.2670833333,18406.251152815,6,0.9,20,2.1,0.506,0.504,3.2,-0.3,30
i0,"Iannetta, Chris",32,R,2015,LAA,C,16,54,47,5,5,1,0,0,1,6,6,0,18,0,0,,0.106,0.204,0.128,0.331,0,1,0,6,1,-2,1.2452830189,1.2452830189,75.6096296296,-8,-0.8,-6,-0.6,0.448,0.495,-0.4,-0.1,-4
i1,"Ibañez, Raúl",20,L,1992,SEA-min,,33,131,120,25,37,8,2,1,16,41,9,1,18,1,2,0.333,0.308,0.366,0.433,0.8,0,0,2,52,3,,18.5426356589,17.9240310078,2347.8039694657,,,,,,,,,
i1,"Ibañez, Raúl",21,L,1993,SEA-min,,95,341,291,42,81,14,2,5,36,78,45,3,54,0,5,0,0.278,0.374,0.392,0.765,1,3,1,114,2,,42.75,41.0535714286,15021.6060997067,,,,,,,,,
i1,"Ibañez, Raúl",22,L,1994,SEA-min,,91,363,327,55,102,30,3,7,59,114,32,3,37,10,5,0.667,0.312,0.375,0.486,0.861,0,2,2,159,3,,59.348189415,59.1100278552,21383.6971900826,,,,,,,,,
i1,"Ibañez, Raúl",23,L,1995,SEA-min,,95,414,361,59,120,23,9,20,108,167,41,1,49,4,3,0.571,0.332,0.395,0.612,1.007,1,9,2,221,7,,88.5099502488,87.7253731343,35483.7775845411,,,,,,,,,
i1,"Ibañez, Raúl",24,L,1996,SEA-min,,130,541,481,71,143,28,4,12,60,131,52,3,63,10,9,0.526,0.297,0.364,0.447,0.811,0,6,2,215,5,,78.6585365854,76.947467167,41771.5953789279,,,,,,,,,
i1,"Ibañez, Raúl",24,L,1996,SEA,DH,4,6,5,0,0,0,0,0,0,0,0,0,1,0,0,,0,0.167,0,0.167,0,0,1,0,0,-52,0,0,0.26,-2,-0.2,-1,-0.1,0.462,0.499,-0.1,0,-1
i1,"Ibañez, Raúl",25,L,1997,SEA-min,,111,478,438,84,133,30,5,15,84,168,32,1,75,7,5,0.583,0.304,0.349,0.498,0.847,3,4,1,218,12,,76.5319148936,75.5234042553,33721.6952301255,,,,,,,,,
i1,"Ibañez, Raúl",25,L,1997,SEA,RF,11,26,26,3,4,0,1,1,4,7,0,0,6,0,0,,0.154,0.154,0.346,0.5,0,0,0,9,0,27,1.3846153846,1.3846153846,36,-5,-0.5,-4,-0.4,0.457,0.497,-0.2,-0.2,-2
i1,"Ibañez, Raúl",26,L,1998,SEA-min,,52,216,190,24,41,8,1,6,25,49,24,2,47,1,1,0.5,0.216,0.301,0.363,0.664,0,2,0,69,3,,20.9579439252,20.8,4557.9272222222,,,,,,,,,
i1,"Ibañez, Raúl",26,L,1998,SEA,1B,37,103,98,12,25,7,1,2,12,24,5,0,22,0,0,,0.255,0.291,0.408,0.699,0,0,0,40,4,81,11.6504854369,11.6504854369,1073.8,-7,-0.6,-3,-0.3,0.482,0.496,-0.2,-0.3,-2
i1,"Ibañez, Raúl",27,L,1999,SEA-min,,8,32,31,6,11,1,0,3,5,11,1,0,7,1,0,1,0.355,0.375,0.677,1.052,0,0,0,21,0,,7.875,8.08125,255.13625,,,,,,,,,
i1,"Ibañez, Raúl",27,L,1999,SEA,RF,87,227,209,23,54,7,0,9,27,50,17,1,32,5,1,0.833,0.258,0.313,0.421,0.734,0,1,0,88,4,84,27.6460176991,28.1084070796,6082.5737444934,-8,-0.7,1,0.1,0.492,0.496,0.1,-0.3,1
i1,"Ibañez, Raúl",28,L,2000,SEA-min,,10,41,40,3,10,4,0,0,6,9,1,0,3,0,0,,0.25,0.268,0.35,0.618,0,0,0,14,0,,3.756097561,3.756097561,156.86,,,,,,,,,
i1,"Ibañez, Raúl",28,L,2000,SEA,RF,92,156,140,21,32,8,0,2,15,36,14,1,25,2,0,1,0.229,0.301,0.329,0.63,0,1,1,46,1,64,13.7402597403,14.0688311688,2283.45,-7,-0.6,-1,0,0.493,0.496,-0.2,-0.1,-3
i1,"Ibañez, Raúl",29,L,2001,KCR-min,,8,29,27,3,4,1,0,2,5,8,1,0,10,0,0,,0.148,0.179,0.407,0.586,1,0,0,11,0,,1.9642857143,1.9642857143,56.3179310345,,,,,,,,,
i1,"Ibañez, Raúl",29,L,2001,KCR,DH,104,312,279,44,78,11,5,13,54,98,32,2,51,0,2,0,0.28,0.353,0.495,0.847,0,1,0,138,6,115,48.8102893891,47.922829582,14871.6016666667,-1,0,11,1.1,0.499,0.5,1.3,-0.7,13
i1,"Ibañez, Raúl",30,L,2002,KCR,1B,137,544,497,70,146,37,6,24,103,173,40,5,76,5,3,0.625,0.294,0.346,0.537,0.883,1,4,2,267,11,122,92.4804469274,91.9259776536,48131.8895588235,-5,-0.4,16,1.5,0.497,0.497,2.2,-1.5,23
i1,"Ibañez, Raúl",31,L,2003,KCR,LF,157,671,608,95,179,33,5,18,90,185,49,5,81,8,4,0.667,0.294,0.345,0.454,0.799,1,10,3,276,10,103,95.7808219178,95.600608828,62543.7547242921,-1,0,24,2.4,0.499,0.499,2.4,-0.8,25
i1,"Ibañez, Raúl",32,L,2004,SEA-min,,4,17,17,2,4,1,0,0,1,3,0,0,6,0,0,,0.235,0.235,0.294,0.529,0,0,0,5,0,,1.1764705882,1.1764705882,20,,,,,,,,,
i1,"Ibañez, Raúl",32,L,2004,SEA,LF,123,524,481,67,146,31,1,16,62,129,36,5,72,1,2,0.333,0.304,0.353,0.472,0.825,0,4,3,227,10,116,79.9110251451,79.2243713733,40800.3249618321,6,0.7,26,2.6,0.505,0.504,2.1,-0.1,22
i1,"Ibañez, Raúl",33,L,2005,SEA,DH,162,690,614,92,172,32,2,20,89,181,71,6,99,9,4,0.692,0.28,0.355,0.436,0.792,0,3,2,268,12,115,95.0715328467,95.233649635,65361.1890434783,7,0.8,33,3.2,0.504,0.504,2.7,-0.7,28
i1,"Ibañez, Raúl",34,L,2006,SEA,LF,159,699,626,103,181,33,5,33,123,226,65,15,115,2,4,0.333,0.289,0.353,0.516,0.869,0,7,1,323,13,125,114.989869754,113.5053545586,77339.806695279,21,2.1,46,4.5,0.513,0.512,3.6,0.3,37
i1,"Ibañez, Raúl",35,L,2007,SEA,LF,149,636,573,80,167,35,5,21,105,185,53,4,97,0,0,,0.291,0.351,0.48,0.831,0,7,3,275,14,121,96.6453674121,96.6453674121,60300.6857232704,-7,-0.6,17,1.7,0.496,0.496,3.4,-2.3,34
i1,"Ibañez, Raúl",36,L,2008,SEA,LF,162,707,635,85,186,43,3,23,110,195,64,11,110,2,4,0.333,0.293,0.358,0.479,0.837,0,5,3,304,13,124,108.7267525036,107.374248927,75180.1651485149,0,0.3,26,2.7,0.5,0.5,3.5,-1.5,35
i1,"Ibañez, Raúl",37,L,2009,PHI-min,,3,11,7,2,2,1,0,0,2,4,4,0,3,0,0,,0.286,0.545,0.429,0.974,0,0,0,3,0,,1.6363636364,1.6363636364,24.24,,,,,,,,,
i1,"Ibañez, Raúl",37,L,2009,PHI,LF,134,565,500,93,136,32,3,34,93,186,56,8,119,4,0,1,0.272,0.347,0.552,0.899,0,5,4,276,16,132,95.309352518,96.0690647482,52113.6082831858,12,1.2,30,2.9,0.509,0.508,3,-0.8,32
i1,"Ibañez, Raúl",38,L,2010,PHI,LF,155,636,561,75,154,37,5,16,83,158,68,11,108,4,3,0.571,0.275,0.349,0.444,0.793,0,7,0,249,15,111,87.8823529412,87.4607313196,53819.2889937107,-13,-1.5,7,0.4,0.491,0.491,1.7,-2,19
i1,"Ibañez, Raúl",39,L,2011,PHI,LF,144,575,535,65,131,31,1,20,84,149,33,3,106,2,0,1,0.245,0.289,0.419,0.707,0,5,2,224,13,91,64.676056338,64.9936619718,35544.9663304348,-35,-3.8,-17,-2,0.474,0.477,0.4,-3.1,6
i1,"Ibañez, Raúl",40,L,2012,NYY,LF,130,425,384,50,92,19,3,19,62,112,35,5,67,3,0,1,0.24,0.308,0.453,0.761,0,2,4,174,14,103,52.7398568019,53.2399761337,21392.2861176471,-10,-1.1,6,0.5,0.492,0.493,1.1,-1.2,11
i1,"Ibañez, Raúl",41,L,2013,SEA,LF,124,496,454,54,110,20,2,29,65,119,42,1,128,0,0,,0.242,0.306,0.487,0.793,0,0,0,221,8,123,67.7258064516,67.7258064516,33359.04,-13,-1.1,5,0.6,0.489,0.492,2.4,-2.6,24
i1,"Ibañez, Raúl",42,L,2014,KCR,DH,90,280,246,23,41,8,3,5,26,49,33,0,59,3,2,0.6,0.167,0.264,0.285,0.549,0,1,0,70,2,57,18.5663082437,18.4903225806,5500.6074285714,-10,-1,-5,-0.6,0.476,0.493,-0.4,-0.3,-4
i5,"Iglesias, José",16,R,2006,HAV-min,,37,95,85,10,17,3,0,0,5,15,4,0,11,1,2,0.333,0.2,0.236,0.235,0.471,6,0,0,20,1,,4.7191011236,4.3870786517,378.7583157895,,,,,,,,,
i5,"Iglesias, José",17,R,2007,HAV-min,,75,345,314,51,101,11,4,0,39,90,17,0,47,5,4,0.556,0.322,0.358,0.382,0.74,10,2,2,120,2,,42.7794561934,42.2764350453,14243.1856231884,,,,,,,,,
i5,"Iglesias, José",19,R,2009,MES-min,,18,74,69,9,19,4,0,2,12,21,4,0,11,3,0,1,0.275,0.324,0.42,0.745,0,0,1,29,0,,9.1369863014,9.6568493151,727.2210810811,,,,,,,,,
i5,"Iglesias, José",20,R,2010,BOS-min,,87,356,328,44,95,13,5,0,28,72,17,1,64,11,5,0.688,0.29,0.33,0.36,0.689,1,5,5,118,13,,38.3072463768,38.4734782609,12222.5648314607,,,,,,,,,
i5,"Iglesias, José",21,R,2011,BOS-min,,101,387,357,35,84,9,0,1,31,66,21,0,58,12,4,0.75,0.235,0.285,0.269,0.554,5,0,4,96,18,,26.6666666667,27.4142857143,8917.5228423773,,,,,,,,,
i5,"Iglesias, José",21,R,2011,BOS,SS,10,6,6,3,2,0,0,0,0,3,0,0,2,0,0,,0.333,0.333,0.333,0.667,0,0,0,2,0,81,0.6666666667,0.6666666667,4,0,0,0,0,0.5,0.5,0,0,0
i5,"Iglesias, José",22,R,2012,BOS-min,,90,405,361,47,97,10,1,1,23,70,28,0,47,13,3,0.813,0.269,0.321,0.31,0.631,9,5,2,112,9,,35.9897172237,37.3683804627,13777.0346666667,,,,,,,,,
i5,"Iglesias, José",22,R,2012,BOS,SS,25,77,68,5,8,2,0,1,2,7,4,0,16,1,0,1,0.118,0.2,0.191,0.391,2,0,3,13,2,7,2.1666666667,2.2583333333,192.6802597403,0,0,3,0.3,0.501,0.5,-0.4,0.9,-4
i5,"Iglesias, José",23,R,2013,BOS-min,,33,133,119,17,24,2,0,4,15,32,9,0,18,5,3,0.625,0.202,0.262,0.319,0.581,3,1,1,38,6,,9.796875,9.55078125,1015.0351879699,,,,,,,,,
i5,"Iglesias, José",23,R,2013,DET,SS,109,382,350,39,106,16,2,3,29,68,15,0,60,5,2,0.714,0.303,0.349,0.386,0.735,4,2,11,135,7,101,44.7534246575,44.9102739726,17436.494973822,2,0.2,9,0.9,0.502,0.501,1,0.2,9
i5,"Iglesias, José",25,R,2015,DET,SS,16,58,51,5,20,4,0,0,2,7,6,0,4,4,1,0.8,0.392,0.456,0.471,0.927,1,0,0,24,1,160,10.9473684211,11.4912280702,613.4848275862,6,0.6,8,0.8,0.537,0.504,0.7,0.2,7
i9,"Iguchi, Tadahito",22,R,1997,None-min,,76,252,217,31,44,6,3,8,23,54,24,0,67,3,3,0.5,0.203,0.304,0.369,0.673,2,1,8,80,4,,22.5726141079,22.0217842324,6094.0923809524,,,,,,,,,
i9,"Iguchi, Tadahito",23,R,1998,None-min,,135,476,421,58,93,18,4,21,66,124,28,1,121,12,6,0.667,0.221,0.28,0.432,0.712,15,4,8,182,6,,49.0467706013,48.3051224944,22358.7338655462,,,,,,,,,
i9,"Iguchi, Tadahito",24,R,1999,None-min,,116,424,370,38,83,15,1,14,47,85,38,1,113,14,7,0.667,0.224,0.31,0.384,0.693,4,3,9,142,13,,42.112745098,41.8279411765,16935.625754717,,,,,,,,,
i9,"Iguchi, Tadahito",25,R,2000,None-min,,54,185,162,21,40,9,2,7,23,44,15,0,29,5,2,0.714,0.247,0.317,0.457,0.773,5,1,2,74,5,,22.9943502825,22.9816384181,3921.0309189189,,,,,,,,,
i9,"Iguchi, Tadahito",26,R,2001,None-min,,140,636,552,104,144,26,1,30,97,201,61,0,117,44,9,0.83,0.261,0.346,0.475,0.821,9,2,12,262,14,,87.6182707993,91.5092985318,54510.1649685535,,,,,,,,,
i9,"Iguchi, Tadahito",27,R,2002,None-min,,114,472,428,64,111,14,1,18,53,117,27,0,84,21,7,0.75,0.259,0.317,0.423,0.74,5,2,10,181,8,,54.8967032967,55.4374725275,25352.4908474576,,,,,,,,,
i9,"Iguchi, Tadahito",28,R,2003,None-min,,135,617,515,112,175,37,1,27,109,221,81,2,81,42,6,0.875,0.34,0.438,0.573,1.011,1,6,14,295,10,,126.711409396,133.4312080537,81071.7612965964,,,,,,,,,
i9,"Iguchi, Tadahito",29,R,2004,None-min,,124,574,510,96,170,34,2,24,89,185,47,2,90,18,5,0.783,0.333,0.394,0.549,0.943,0,8,9,280,14,,109.0843806104,110.3389587074,60866.303554007,,,,,,,,,
i9,"Iguchi, Tadahito",30,R,2005,CHW,2B,135,582,511,74,142,25,6,15,71,145,47,0,114,15,5,0.75,0.278,0.342,0.438,0.78,11,6,6,224,16,104,75.8709677419,76.5842293907,41373.7486402754,7,0.8,29,2.8,0.505,0.504,2.7,0.5,28
i9,"Iguchi, Tadahito",31,R,2006,CHW,2B,138,627,555,97,156,24,0,18,67,164,59,0,110,11,5,0.688,0.281,0.352,0.422,0.774,8,2,3,234,7,97,81.9381107492,82.1017915309,51524.7374162679,0,0.1,21,2.1,0.5,0.5,2.6,-0.1,26
i9,"Iguchi, Tadahito",32,R,2007,PHI,2B,135,533,465,67,124,27,4,9,43,110,57,1,88,14,2,0.875,0.267,0.347,0.4,0.747,2,6,3,186,6,92,64.4942528736,66.4220306513,35435.8614634146,-5,-0.5,5,0.5,0.496,0.497,0.9,-0.2,9
i9,"Iguchi, Tadahito",33,R,2008,SDP-min,,3,11,10,4,4,0,0,2,3,7,1,0,2,0,0,,0.4,0.455,1,1.455,0,0,0,10,0,,4.5454545455,4.5454545455,51.3,,,,,,,,,
i9,"Iguchi, Tadahito",33,R,2008,PHI,2B,85,337,310,29,72,15,1,2,24,53,26,0,75,8,1,0.889,0.232,0.292,0.306,0.598,1,0,0,95,11,67,27.7083333333,28.6958333333,8751.3738872404,-8,-0.9,2,0.1,0.49,0.496,-0.2,0.4,-1
i9,"Iguchi, Tadahito",34,R,2009,None-min,,123,530,448,71,126,24,3,19,65,136,68,2,101,4,4,0.5,0.281,0.391,0.475,0.866,0,1,13,213,11,,80.0813953488,79.2403100775,44839.6849056604,,,,,,,,,
i9,"Iguchi, Tadahito",35,R,2010,None-min,,143,650,531,88,156,44,1,17,103,191,98,1,114,2,1,0.667,0.294,0.412,0.476,0.889,0,7,14,253,13,,102.1653418124,102.2055643879,71592.4472,,,,,,,,,
i9,"Iguchi, Tadahito",36,R,2011,None-min,,140,597,509,52,135,23,3,9,73,125,72,4,96,1,1,0.5,0.265,0.362,0.375,0.737,0,7,9,191,11,,68.0499139415,67.9161790017,43048.0869681742,,,,,,,,,
i9,"Iguchi, Tadahito",37,R,2012,None-min,,140,578,505,58,129,30,1,11,60,118,53,3,99,3,1,0.75,0.255,0.343,0.384,0.727,0,4,16,194,11,,63.2759856631,63.4635304659,39275.7662975779,,,,,,,,,
i9,"Iguchi, Tadahito",38,R,2013,None-min,,135,566,485,68,144,31,2,23,83,151,67,2,81,4,3,0.571,0.297,0.39,0.511,0.902,0,4,10,248,13,,94.7971014493,94.2782608696,54837.5073498233,,,,,,,,,
i9,"Iguchi, Tadahito",39,R,2014,None-min,,109,408,357,35,85,24,0,10,49,84,40,3,74,1,0,1,0.238,0.326,0.389,0.715,0,3,8,139,7,,43.765743073,43.9389168766,18988.2050980392,,,,,,,,,
i9,"Iguchi, Tadahito",40,R,2015,None-min,,19,72,65,8,20,5,0,1,6,14,7,0,18,1,0,1,0.308,0.375,0.431,0.806,0,0,0,28,2,,10.5,10.70625,745.5072222222,,,,,,,,,
i12,"Incaviglia, Pete",22,R,1986,TEX,RF,153,606,540,82,135,21,2,30,88,170,55,2,185,3,2,0.6,0.25,0.32,0.463,0.783,0,7,4,250,9,109,79.8319327731,79.5129411765,48462.0685808581,-14,-1.3,7,0.6,0.491,0.491,1.8,-2,19
i12,"Incaviglia, Pete",23,R,1987,TEX,LF,139,563,509,85,138,26,4,27,80,165,48,1,168,9,3,0.75,0.271,0.332,0.497,0.829,0,5,1,253,8,116,84.4847396768,84.7483842011,46724.4929307282,3,0.3,22,2.1,0.502,0.502,2.9,-1.3,30
i12,"Incaviglia, Pete",24,R,1988,TEX,LF,116,467,418,59,104,19,3,22,54,113,39,3,153,6,4,0.6,0.249,0.321,0.467,0.788,0,3,7,195,6,117,61.0175054705,60.3144420131,28865.2100214133,8,1,24,2.4,0.507,0.505,1.8,0.1,18
i12,"Incaviglia, Pete",25,R,1989,TEX,LF,133,495,453,48,107,27,4,21,81,129,32,0,136,5,7,0.417,0.236,0.293,0.453,0.745,0,4,6,205,12,106,58.7525773196,56.5422680412,27074.8894545455,-10,-0.9,8,0.8,0.492,0.494,1,-0.7,10
i12,"Incaviglia, Pete",26,R,1990,TEX,LF,153,587,529,59,123,27,0,24,85,144,45,5,146,3,4,0.429,0.233,0.302,0.42,0.721,0,4,9,222,18,100,64.9756097561,63.9,36384.7062010221,-7,-0.7,14,1.3,0.495,0.495,1.1,-0.2,11
i12,"Incaviglia, Pete",27,R,1991,DET,LF,97,377,337,38,72,12,1,11,38,76,36,0,92,1,3,0.25,0.214,0.29,0.353,0.643,1,2,1,119,6,76,34.4557640751,33.6534852547,12862.0055172414,-22,-2.2,-8,-1,0.476,0.486,-0.4,-1.2,-3
i12,"Incaviglia, Pete",28,R,1992,HOU,LF,113,379,349,31,93,22,1,11,44,75,25,2,99,2,2,0.5,0.266,0.319,0.43,0.749,0,2,3,150,6,116,47.3262032086,46.8652406417,17713.8854881266,4,0.5,16,1.6,0.504,0.503,1.1,0,12
i12,"Incaviglia, Pete",29,R,1993,PHI,LF,116,402,368,60,101,16,3,24,89,149,21,1,82,1,1,0.5,0.274,0.318,0.53,0.848,0,7,6,195,9,125,61.1568123393,60.8266066838,23807.6903482587,17,1.8,30,3,0.515,0.511,2.3,0.2,24
i12,"Incaviglia, Pete",30,R,1994,PHI,LF,80,263,244,28,56,10,1,13,32,60,16,3,71,1,0,1,0.23,0.278,0.439,0.716,0,2,1,107,3,82,29.6307692308,29.7830769231,7744.8059315589,-12,-1.3,-4,-0.5,0.484,0.492,-0.2,-0.6,-1
i12,"Incaviglia, Pete",31,R,1995,None-min,,71,270,243,25,44,5,0,10,31,56,23,0,74,1,2,0.333,0.181,0.263,0.325,0.588,0,0,4,79,10,,19.8984962406,19.4389097744,5075.1819259259,,,,,,,,,
i12,"Incaviglia, Pete",32,R,1996,BAL,LF,111,337,302,37,73,9,2,18,50,87,30,2,89,2,0,1,0.242,0.318,0.464,0.781,0,1,4,140,6,103,43.4337349398,43.775,14980.3246290801,-2,-0.4,6,0.4,0.499,0.499,0.5,-0.4,6
i12,"Incaviglia, Pete",33,R,1997,NYY-min,,3,13,13,1,4,1,0,0,2,3,0,0,4,0,0,,0.308,0.308,0.385,0.692,0,0,0,5,0,,1.5384615385,1.5384615385,20,,,,,,,,,
i12,"Incaviglia, Pete",33,R,1997,NYY,DH,53,169,154,19,38,4,0,5,12,31,11,2,46,0,0,,0.247,0.308,0.37,0.678,0,1,3,57,1,79,16.9272727273,16.9272727273,3066.1230769231,-8,-0.7,-3,-0.3,0.48,0.495,-0.2,-0.4,-2
i12,"Incaviglia, Pete",34,R,1998,HOU-min,,76,326,281,57,91,10,1,23,66,123,34,0,63,11,3,0.786,0.324,0.411,0.612,1.023,0,2,9,172,9,,68.253968254,68.959047619,22347.9807361963,,,,,,,,,
i12,"Incaviglia, Pete",34,R,1998,HOU,DH,20,32,30,0,3,1,0,0,2,2,2,0,10,0,0,,0.1,0.156,0.133,0.29,0,0,0,4,1,-23,0.625,0.625,18.08,-4,-0.4,-3,-0.3,0.464,0.498,-0.2,-0.1,-2
i12,"Incaviglia, Pete",35,R,1999,ARI-HOU-min,,26,105,94,9,17,7,1,1,13,22,9,0,26,2,2,0.5,0.181,0.257,0.309,0.566,0,1,1,29,1,,7.3203883495,7.013592233,758.4148571429,,,,,,,,,
i12,"Incaviglia, Pete",36,R,2000,NAS-min,,9,30,27,4,6,2,0,1,1,5,3,0,7,0,1,0,0.222,0.3,0.407,0.707,0,0,0,11,1,,3.3,2.9333333333,82.46,,,,,,,,,
i12,"Incaviglia, Pete",37,R,2001,NWK-min,,50,210,187,30,66,11,0,9,43,73,19,3,32,2,0,1,0.353,0.41,0.556,0.966,0,3,1,104,5,,42.9126213592,43.3665048544,8782.0323809524,,,,,,,,,
i12,"Incaviglia, Pete",38,R,2002,SDP-min,,72,282,248,46,66,10,0,12,46,92,24,1,47,1,3,0.25,0.266,0.337,0.452,0.788,0,5,5,112,10,,37.0588235294,35.9994485294,9780.9710638298,,,,,,,,,
i13,"Inciarte, Ender",17,L,2008,ARI/CIN-min,,62,260,227,36,68,7,0,0,18,54,27,0,35,22,6,0.786,0.3,0.377,0.33,0.708,3,1,2,75,6,,28.0511811024,30.5192913386,7015.952,,,,,,,,,
i13,"Inciarte, Ender",18,L,2009,ARI-min,,66,258,237,33,77,14,1,1,22,55,15,1,40,10,4,0.714,0.325,0.364,0.405,0.769,5,1,0,96,2,,35.0476190476,35.4444444444,8569.072248062,,,,,,,,,
i13,"Inciarte, Ender",19,L,2010,ARI-min,,92,362,319,42,74,15,7,1,26,68,24,0,57,8,5,0.615,0.232,0.289,0.332,0.621,12,4,3,106,6,,30.2857142857,29.9335276968,10171.8344751381,,,,,,,,,
i13,"Inciarte, Ender",20,L,2011,ARI-min,,147,586,516,84,135,22,6,1,28,112,53,1,72,28,15,0.651,0.262,0.331,0.333,0.664,12,3,2,172,9,,56.8295254833,56.9775043937,30882.6781569966,,,,,,,,,
i13,"Inciarte, Ender",21,L,2012,ARI-min,,173,664,582,96,172,33,11,2,55,151,63,3,83,50,13,0.794,0.296,0.363,0.4,0.764,12,5,2,233,13,,84.8914728682,89.6604651163,52564.3724698795,,,,,,,,,
i13,"Inciarte, Ender",22,L,2013,ARI-min,,190,811,736,115,212,30,6,6,44,159,52,1,78,64,14,0.821,0.288,0.34,0.37,0.71,14,2,7,272,7,,91.1269035533,97.461928934,71770.0512946979,,,,,,,,,
i13,"Inciarte, Ender",23,L,2014,ARI-min,,63,292,265,37,86,12,4,3,25,62,23,8,44,20,5,0.8,0.325,0.38,0.434,0.814,0,2,2,115,4,,43.5243055556,45.5,12180.8791780822,,,,,,,,,
i13,"Inciarte, Ender",23,L,2014,ARI,CF,118,447,418,54,116,18,2,4,27,81,25,0,53,19,3,0.864,0.278,0.318,0.359,0.677,4,0,0,150,3,89,47.7426636569,49.9821670429,21127.5267561521,21,2.2,36,3.7,0.521,0.515,1.1,2.5,13
i13,"Inciarte, Ender",24,L,2015,ARI,LF,16,65,62,13,20,4,1,0,6,19,1,0,3,2,1,0.667,0.323,0.354,0.419,0.773,0,0,2,26,1,116,8.6666666667,8.6031746032,562.396,4,0.4,6,0.6,0.529,0.503,0.4,0.2,4
i14,"Infante, Alexis",20,R,1982,TOR-min,,37,149,137,17,40,7,2,0,15,32,9,0,15,6,2,0.75,0.292,0.329,0.372,0.701,0,3,0,51,,,17.1164383562,17.4801369863,,,,,,,,,,
i14,"Infante, Alexis",21,R,1983,TOR-min,,128,542,480,88,134,25,3,4,56,144,44,0,77,37,9,0.804,0.279,0.344,0.369,0.713,7,5,6,177,,,60.1259541985,63.6491412214,,,,,,,,,,
i14,"Infante, Alexis",22,R,1984,TOR-min,,139,519,478,55,117,19,2,2,36,91,30,0,59,13,7,0.65,0.245,0.29,0.305,0.596,9,1,1,146,,,42.2480314961,42.2066929134,,,,,,,,,,
i14,"Infante, Alexis",23,R,1985,TOR-min,,136,506,453,63,109,10,5,2,39,102,46,0,65,29,13,0.69,0.241,0.314,0.298,0.612,3,1,3,135,,,41.9338677355,42.9557114228,,,,,,,,,,
i14,"Infante, Alexis",24,R,1986,TOR-min,,57,212,193,27,53,6,2,0,15,42,15,1,20,6,2,0.75,0.275,0.33,0.326,0.657,3,0,1,63,,,20.5961538462,21.0375,,,,,,,,,,
i14,"Infante, Alexis",25,R,1987,TOR-min,,107,345,319,40,72,7,4,2,30,70,23,0,37,18,9,0.667,0.226,0.279,0.292,0.571,1,1,1,93,,,25.8333333333,25.8754385965,,,,,,,,,,
i14,"Infante, Alexis",25,R,1987,TOR,,1,0,0,0,0,0,0,0,0,0,0,0,0,0,0,,,,,,0,0,0,0,0,,,,,0,0,0,0,0.501,0.5,0,0,0
i14,"Infante, Alexis",26,R,1988,TOR-min,,97,368,340,48,102,15,4,2,28,76,19,1,27,21,10,0.677,0.3,0.342,0.385,0.728,3,2,4,131,,,44.1532033426,44.0753481894,,,,,,,,,,
i14,"Infante, Alexis",26,R,1988,TOR,3B,19,17,15,7,3,0,0,0,0,7,2,0,4,0,0,,0.2,0.294,0.2,0.494,0,0,0,3,1,42,0.8823529412,0.8823529412,14.08,-1,-0.1,0,-0.1,0.495,0.499,0,-0.1,0
i14,"Infante, Alexis",27,R,1989,TOR-min,,67,280,250,39,52,5,0,0,17,56,25,0,33,10,2,0.833,0.208,0.279,0.228,0.507,4,1,0,57,,,15.96,17.0454545455,,,,,,,,,,
i14,"Infante, Alexis",27,R,1989,TOR,SS,20,13,12,1,2,0,0,0,0,1,0,0,1,1,0,1,0.167,0.167,0.167,0.333,1,0,0,2,0,-3,0.3333333333,0.425,4.08,0,0,0,0,0.498,0.5,0,0,0
i14,"Infante, Alexis",28,R,1990,ATL-min,,31,108,96,8,23,3,0,1,12,20,9,0,8,1,2,0.333,0.24,0.311,0.302,0.613,2,0,1,29,,,8.8380952381,8.4428571429,,,,,,,,,,
i14,"Infante, Alexis",28,R,1990,ATL,2B,20,32,28,3,1,1,0,0,0,3,0,0,7,0,0,,0.036,0.069,0.071,0.14,3,0,1,2,2,-62,0.0714285714,0.0714285714,0.04875,-10,-1.1,-9,-1,0.446,0.493,-0.6,-0.3,-5
i14,"Infante, Alexis",29,R,1991,TOR-min,,9,22,22,3,5,1,0,0,1,4,0,0,3,0,2,0,0.227,0.227,0.273,0.5,0,0,0,6,,,1.3636363636,0.8181818182,,,,,,,,,,
i14,"Infante, Alexis",31,R,1993,TAB-min,,,,,,,,,,,,,,,,,,,,,,,,,,,,,,,,,,,,,,,
i14,"Infante, Alexis",32,R,1994,TAB-min,,,,,,,,,,,,,,,,,,,,,,,,,,,,,,,,,,,,,,,
i14,"Infante, Alexis",33,R,1995,TAB-min,,,,,,,,,,,,,,,,,,,,,,,,,,,,,,,,,,,,,,,
i14,"Infante, Alexis",34,R,1996,TAB-min,,,,,,,,,,,,,,,,,,,,,,,,,,,,,,,,,,,,,,,
i16,"Infante, Omar",17,R,1999,DET-min,,25,102,97,11,26,4,0,0,7,18,4,0,11,4,0,1,0.268,0.294,0.309,0.603,0,1,0,30,1,,8.9108910891,9.5643564356,900.1854901961,,,,,,,,,
i16,"Infante, Omar",18,R,2000,DET-min,,91,344,307,42,82,11,0,2,29,71,25,0,36,12,5,0.706,0.267,0.324,0.322,0.647,5,4,3,99,6,,31.906626506,32.443373494,10521.751744186,,,,,,,,,
i16,"Infante, Omar",19,R,2001,DET-min,,132,599,540,86,163,21,4,2,62,148,46,1,87,27,12,0.692,0.302,0.355,0.367,0.721,4,7,2,198,9,,70.6177474403,71.5553754266,39941.8329883139,,,,,,,,,
i16,"Infante, Omar",20,R,2002,DET-min,,120,474,436,49,117,16,8,4,51,100,28,0,49,19,15,0.559,0.268,0.309,0.369,0.678,5,5,0,161,5,,50.3125,48.0355603448,21035.031814346,,,,,,,,,
i16,"Infante, Omar",20,R,2002,DET,SS,18,75,72,4,24,3,0,1,6,10,3,0,10,0,1,0,0.333,0.36,0.417,0.777,0,0,0,30,0,114,10.8,10.4,800.28,3,0.3,6,0.6,0.518,0.502,0.5,0.2,5
i16,"Infante, Omar",21,R,2003,DET-min,,64,257,224,28,50,10,0,2,18,46,22,0,32,22,4,0.846,0.223,0.299,0.295,0.593,6,2,3,66,3,,19.3170731707,21.5886178862,4930.0607003891,,,,,,,,,
i16,"Infante, Omar",21,R,2003,DET,SS,69,244,221,24,49,6,1,0,8,32,18,0,37,6,3,0.667,0.222,0.278,0.258,0.536,3,2,0,57,1,48,15.9790794979,16.1472803347,3885.863442623,-16,-1.5,-6,-0.6,0.478,0.491,-0.3,0.1,-3
i16,"Infante, Omar",22,R,2004,DET,2B,142,556,503,69,133,27,9,16,55,124,40,3,112,13,7,0.65,0.264,0.317,0.449,0.766,7,5,1,226,4,102,72.0036832413,71.2760589319,38448.463381295,1,0.2,22,2.2,0.501,0.501,2.5,0.1,26
i16,"Infante, Omar",23,R,2005,DET,2B,121,434,406,36,90,28,2,9,43,79,16,0,73,8,0,1,0.222,0.254,0.367,0.621,8,2,2,149,5,65,37.4265402844,38.5317535545,15829.0615668203,-12,-1.2,4,0.4,0.49,0.493,0.2,0.7,2
i16,"Infante, Omar",24,R,2006,ORN-min,,25,104,93,17,31,5,1,2,9,26,6,0,14,1,2,0.333,0.333,0.404,0.473,0.877,0,0,5,44,1,,16.4444444444,15.75,1827.545,,,,,,,,,
i16,"Infante, Omar",24,R,2006,DET,2B,78,245,224,35,62,11,4,4,25,60,14,0,45,3,2,0.6,0.277,0.325,0.415,0.74,2,2,3,93,5,90,29.6974789916,29.4289915966,7014.2548571429,4,0.4,13,1.3,0.505,0.502,0.9,0.4,9
i16,"Infante, Omar",25,R,2007,DET-min,,71,308,275,56,83,13,2,7,38,94,24,1,30,7,2,0.778,0.302,0.359,0.44,0.799,2,4,3,121,3,,43.3010033445,43.8436454849,13414.821948052,,,,,,,,,
i16,"Infante, Omar",25,R,2007,DET,2B,66,178,166,24,45,6,1,2,17,41,9,0,29,4,1,0.8,0.271,0.307,0.355,0.662,2,1,0,59,4,73,18.2057142857,18.5348571429,3005.6804494382,-6,-0.6,0,0.1,0.491,0.496,0.2,-0.1,2
i16,"Infante, Omar",26,R,2008,ATL-min,,47,196,174,28,46,10,1,2,16,44,19,0,19,4,1,0.8,0.264,0.337,0.368,0.705,0,2,1,64,8,,21.5544041451,21.9523316062,3944.4159183674,,,,,,,,,
i16,"Infante, Omar",26,R,2008,ATL,LF,96,348,317,45,93,24,3,3,40,85,22,2,44,0,1,0,0.293,0.338,0.416,0.755,2,5,2,132,4,99,44.7787610619,44.389380531,15424.6504597701,10,0.9,21,2,0.511,0.506,1,1,11
i16,"Infante, Omar",27,R,2009,ATL-min,,6,24,20,2,6,0,0,1,2,4,3,0,2,1,0,1,0.3,0.417,0.45,0.867,0,0,1,9,0,,3.5217391304,3.7369565217,100.4216666667,,,,,,,,,
i16,"Infante, Omar",27,R,2009,ATL,2B,70,229,203,24,62,9,1,2,27,51,19,0,28,2,0,1,0.305,0.361,0.389,0.75,2,4,1,79,5,100,28.8243243243,29.2256756757,6483.4181659389,2,0.2,9,0.9,0.503,0.501,1.1,-0.1,11
i16,"Infante, Omar",28,R,2010,ATL,2B,134,506,471,65,151,15,3,8,47,112,29,1,62,7,6,0.538,0.321,0.359,0.416,0.775,4,2,0,196,14,111,70.56,69.5478,32524.8133596838,15,1.5,31,3.1,0.512,0.51,2.3,0.9,24
i16,"Infante, Omar",29,R,2011,FLA-min,,1,5,5,0,3,0,0,0,0,0,0,0,0,0,0,,0.6,0.6,0.6,1.2,0,0,0,3,0,,1.8,1.8,9,,,,,,,,,
i16,"Infante, Omar",29,R,2011,FLA,2B,148,640,579,55,160,24,8,7,49,104,34,1,67,4,2,0.667,0.276,0.315,0.382,0.696,17,8,2,221,12,90,69.9412724307,69.9092985318,41878.2235625,4,0.4,24,2.4,0.503,0.503,1.9,0.8,20
i16,"Infante, Omar",30,R,2012,DET,2B,149,588,554,69,152,30,7,12,53,122,21,0,65,17,3,0.85,0.274,0.3,0.419,0.719,8,4,1,232,9,91,69.8017391304,71.3556521739,38510.6656462585,4,0.4,14,1.4,0.505,0.502,1,0.6,11
i16,"Infante, Omar",31,R,2013,DET-min,,7,27,24,1,6,0,0,0,1,2,2,0,3,0,0,,0.25,0.333,0.25,0.583,0,0,1,6,1,,1.8461538462,1.8461538462,54.24,,,,,,,,,
i16,"Infante, Omar",31,R,2013,DET,2B,118,476,453,54,144,24,3,10,51,105,20,1,44,5,2,0.714,0.318,0.345,0.45,0.795,0,3,0,204,11,115,70.7315010571,70.810782241,31549.9487394958,5,0.7,22,2.4,0.505,0.503,2.8,-0.1,27
i16,"Infante, Omar",32,R,2014,KCR-min,,3,11,11,1,4,1,0,0,1,2,0,0,4,0,0,,0.364,0.364,0.455,0.818,0,0,0,5,0,,1.8181818182,1.8181818182,20,,,,,,,,,
i16,"Infante, Omar",32,R,2014,KCR,2B,135,575,528,50,133,21,3,6,66,116,33,3,68,9,3,0.75,0.252,0.295,0.337,0.632,5,7,2,178,7,76,52.6702317291,53.1565953654,29438.5789913043,-14,-1.3,7,0.7,0.488,0.49,0.5,0.7,6
i16,"Infante, Omar",33,R,2015,KCR,2B,12,44,43,1,10,4,0,0,5,6,0,0,7,0,0,,0.233,0.227,0.326,0.553,0,1,0,14,0,52,3.2558139535,3.2558139535,140.0118181818,0,0.1,2,0.2,0.504,0.5,0,0.3,0
i17,"Inge, Brandon",21,R,1998,DET-min,,51,215,191,24,44,10,1,8,29,53,17,1,53,8,8,0.5,0.23,0.312,0.419,0.73,0,1,6,80,4,,23.4615384615,21.5057692308,4714.6217674419,,,,,,,,,
i17,"Inge, Brandon",22,R,1999,DET-min,,100,402,352,54,86,25,2,9,46,100,39,0,87,15,3,0.833,0.244,0.32,0.403,0.723,2,6,3,142,7,,45.3964194373,46.8810741688,18044.5897512438,,,,,,,,,
i17,"Inge, Brandon",23,R,2000,DET-min,,133,538,488,63,119,34,4,11,73,136,41,1,124,12,4,0.75,0.244,0.3,0.398,0.698,2,6,1,194,15,,58.6767485822,59.1561436673,29061.739330855,,,,,,,,,
i17,"Inge, Brandon",24,R,2001,DET-min,,34,133,116,15,30,12,1,3,19,34,11,0,31,1,0,1,0.259,0.326,0.457,0.783,1,3,2,53,2,,17.1102362205,17.2877952756,2311.5995488722,,,,,,,,,
i17,"Inge, Brandon",24,R,2001,DET,C,79,202,189,13,34,11,0,0,15,28,9,0,41,1,4,0.2,0.18,0.215,0.238,0.453,2,2,0,45,2,24,9.7727272727,8.971969697,1751.5928712871,-10,-1,-3,-0.3,0.487,0.494,-1,1.1,-10
i17,"Inge, Brandon",25,R,2002,DET-min,,21,81,65,10,17,2,4,3,13,23,11,0,16,1,3,0.25,0.262,0.38,0.554,0.934,2,1,2,36,2,,13.2631578947,12.0230263158,984.5256790123,,,,,,,,,
i17,"Inge, Brandon",25,R,2002,DET,C,95,351,321,27,65,15,3,7,24,51,24,0,101,1,3,0.25,0.202,0.266,0.333,0.599,1,1,4,107,7,64,27.6028985507,26.8095652174,9485.2444444445,-14,-1.4,-1,-0.1,0.485,0.491,0.1,0.4,1
i17,"Inge, Brandon",26,R,2003,DET-min,,39,154,142,15,39,9,0,5,15,30,11,1,23,3,1,0.75,0.275,0.327,0.444,0.77,1,0,0,63,6,,20.5882352941,20.7049019608,2820.8135064935,,,,,,,,,
i17,"Inge, Brandon",26,R,2003,DET,C,104,366,330,32,67,15,3,8,30,62,24,0,79,4,4,0.5,0.203,0.265,0.339,0.605,4,3,5,112,8,63,28.790960452,28.0661016949,10041.3756284153,-4,-0.4,9,0.9,0.496,0.497,0.1,1.4,1
i17,"Inge, Brandon",27,R,2004,DET,3B,131,458,408,43,117,15,7,13,64,107,32,0,72,5,4,0.556,0.287,0.34,0.453,0.793,8,6,4,185,4,110,62.6477272727,61.8721590909,28182.2215720524,13,1.3,30,2.9,0.509,0.508,2.7,0.6,29
i17,"Inge, Brandon",28,R,2005,DET,3B,160,694,616,75,161,31,9,16,72,147,63,1,140,7,6,0.538,0.261,0.33,0.419,0.749,6,6,3,258,14,101,85.1134020619,84.0696612666,56904.3142363112,9,0.9,34,3.4,0.506,0.505,2.5,1.2,25
i17,"Inge, Brandon",29,R,2006,DET,3B,159,601,542,83,137,29,2,27,83,166,43,2,128,7,4,0.636,0.253,0.313,0.463,0.776,4,5,7,251,12,98,77.2307692308,76.6728205128,45055.093843594,27,2.8,50,4.9,0.517,0.516,2.6,2.7,26
i17,"Inge, Brandon",30,R,2007,DET,3B,151,577,508,64,120,25,2,14,71,135,47,5,150,9,2,0.818,0.236,0.312,0.376,0.688,7,4,11,191,8,79,57.4720720721,58.2554054054,34403.0580242634,0,0.1,22,2.2,0.5,0.5,0.6,1.9,6
i17,"Inge, Brandon",31,R,2008,DET-min,,3,12,10,2,3,0,0,1,4,6,2,0,2,0,0,,0.3,0.417,0.6,1.017,0,0,0,6,0,,2.5,2.5,32.6,,,,,,,,,
i17,"Inge, Brandon",31,R,2008,DET,C,113,407,347,41,71,16,4,11,51,92,43,2,94,4,3,0.571,0.205,0.303,0.369,0.672,5,4,8,128,4,76,37.4153846154,37.0569230769,16185.1166093366,-6,-0.5,9,1,0.494,0.496,0.6,0.9,6
i17,"Inge, Brandon",32,R,2009,DET,3B,161,637,562,71,129,16,1,27,84,155,54,1,170,2,5,0.286,0.23,0.314,0.406,0.72,1,3,17,228,12,87,67.7337662338,66.200974026,45054.6048979592,4,0.6,28,2.8,0.503,0.503,1.6,1.5,16
i17,"Inge, Brandon",33,R,2010,DET-min,,1,5,5,0,2,2,0,0,1,1,0,0,2,0,0,,0.4,0.4,0.8,1.2,0,0,0,4,0,,1.6,1.6,8,,,,,,,,,
i17,"Inge, Brandon",33,R,2010,DET,3B,144,580,514,47,127,28,5,13,70,117,54,4,134,4,3,0.571,0.247,0.321,0.397,0.718,0,7,5,204,12,93,65.0070422535,64.6190140845,37329.309862069,1,0.2,23,2.3,0.501,0.501,1.3,1.4,13
i17,"Inge, Brandon",34,R,2011,DET-min,,29,126,108,18,31,4,0,7,19,37,17,0,30,0,0,,0.287,0.389,0.519,0.907,0,0,1,56,0,,21.504,21.504,2973.32,,,,,,,,,
i17,"Inge, Brandon",34,R,2011,DET,3B,102,303,269,29,53,10,2,3,23,52,24,0,74,1,1,0.5,0.197,0.265,0.283,0.548,5,3,2,76,9,50,19.9726962457,19.8559726962,5710.4554455446,-20,-2.1,-9,-1,0.479,0.487,-0.8,0,-7
i17,"Inge, Brandon",35,R,2012,OAK-DET-min,,11,45,36,7,11,4,0,2,9,16,8,0,10,0,0,,0.306,0.444,0.583,1.028,0,0,1,21,0,,9.0681818182,9.0681818182,466.8,,,,,,,,,
i17,"Inge, Brandon",35,R,2012,OAK,3B,83,331,303,33,66,14,0,12,54,87,24,1,91,0,1,0,0.218,0.275,0.383,0.658,0,3,1,116,8,82,31.9266055046,31.5718654434,10023.6847129909,-2,-0.2,9,0.9,0.492,0.499,0.4,0.7,4
i17,"Inge, Brandon",36,R,2013,PIT-min,,18,75,60,4,9,2,0,2,6,10,12,0,17,1,0,1,0.15,0.32,0.283,0.603,0,0,3,17,4,,4.9583333333,5.11875,418.0069333333,,,,,,,,,
i17,"Inge, Brandon",36,R,2013,PIT,2B,50,110,105,5,19,3,0,1,7,12,2,0,32,0,0,,0.181,0.204,0.238,0.442,2,0,1,25,2,25,4.9065420561,4.9065420561,515.6094545455,-7,-0.8,-3,-0.4,0.485,0.495,-0.8,0.3,-6
i19,"Ingerton, Scotty",20,R,1906,ZAN-min,,137,504,504,,129,,,,,,,,,,,,0.256,0.256,,,,,,,,,,,,,,,,,,,,
i19,"Ingerton, Scotty",21,R,1907,ALB-min,,132,438,438,,101,,,,,,,,,,,,0.231,0.231,,,,,,,,,,,,,,,,,,,,
i19,"Ingerton, Scotty",22,R,1908,ALB-min,,134,484,484,,107,14,15,1,,,,,,,,,0.221,0.221,0.318,0.539,,,,154,,,,,,,,,,,,,,
i19,"Ingerton, Scotty",23,R,1909,ALB-min,,142,484,484,,105,,,,,,,,,,,,0.217,0.217,,,,,,,,,,,,,,,,,,,,
i19,"Ingerton, Scotty",24,R,1910,ATO-min,,91,328,328,,105,20,4,10,,,,,,,,,0.32,0.32,0.497,0.817,,,,163,,,,,,,,,,,,,,
i19,"Ingerton, Scotty",25,R,1911,BSN,3B,136,575,521,63,130,24,4,5,61,124,39,,68,6,,,0.25,0.304,0.34,0.644,13,,2,177,,76,53.4160714286,,,-22,-2.5,-4,-0.6,0.483,0.486,-0.2,-0.4,-2
i19,"Ingerton, Scotty",26,R,1912,INA-min,,143,511,511,,154,27,12,1,,,,,,,,,0.301,0.301,0.407,0.708,,,,208,,,,,,,,,,,,,,
i19,"Ingerton, Scotty",27,R,1913,None-min,,23,73,73,,22,6,1,0,,,,,,,,,0.301,0.301,0.411,0.712,,,,30,,,,,,,,,,,,,,
i19,"Ingerton, Scotty",28,R,1914,LOU-min,,153,558,558,,142,33,5,2,,,,,,,,,0.254,0.254,0.342,0.597,,,,191,,,,,,,,,,,,,,
i19,"Ingerton, Scotty",30,R,1916,None-min,,46,161,161,,46,,,,,,,,,,,,0.286,0.286,,,,,,,,,,,,,,,,,,,,
i20,"Inglett, Joe",22,L,2000,CLE-min,,56,238,202,37,58,12,4,2,37,74,31,1,30,4,5,0.444,0.287,0.395,0.416,0.811,0,0,5,84,1,,32.0858369099,31.0763948498,8192.8087394958,,,,,,,,,
i20,"Inglett, Joe",23,L,2001,CLE-min,,62,263,237,34,71,9,2,2,33,67,24,0,22,5,3,0.625,0.3,0.361,0.38,0.741,0,2,0,90,7,,32.7586206897,32.69348659,8180.4138403042,,,,,,,,,
i20,"Inglett, Joe",24,L,2002,CLE-min,,126,542,473,68,140,30,5,2,75,143,57,4,63,10,5,0.667,0.296,0.375,0.393,0.768,1,5,6,186,8,,69.1358490566,69.3735849057,38254.6153505535,,,,,,,,,
i20,"Inglett, Joe",25,L,2003,CLE-min,,99,430,361,62,106,26,2,4,40,102,57,0,50,2,2,0.5,0.294,0.396,0.41,0.806,1,4,7,148,10,,57.7129186603,57.4284688995,26013.1284651163,,,,,,,,,
i20,"Inglett, Joe",26,L,2004,CLE-min,,66,300,266,49,85,19,7,1,20,69,31,2,28,3,5,0.375,0.32,0.393,0.455,0.848,2,0,1,121,1,,47.2592592593,45.8388888889,14296.8086666667,,,,,,,,,
i20,"Inglett, Joe",27,L,2005,CLE-min,,95,366,327,57,108,20,9,2,40,97,17,1,41,13,6,0.684,0.33,0.376,0.465,0.841,10,3,9,152,7,,55.2325581395,55.0547965116,19178.5369398907,,,,,,,,,
i20,"Inglett, Joe",28,L,2006,CLE-min,,71,315,269,50,100,17,2,4,28,78,32,0,34,11,5,0.688,0.372,0.439,0.494,0.934,10,2,2,133,6,,58.3255813953,58.6689368771,17446.357968254,,,,,,,,,
i20,"Inglett, Joe",28,L,2006,CLE,2B,64,222,201,26,57,8,3,2,21,47,14,0,39,5,1,0.833,0.284,0.332,0.383,0.715,5,1,1,77,1,86,25.4279069767,25.9651162791,5663.0257657658,6,0.6,14,1.4,0.509,0.503,0.9,0.6,9
i20,"Inglett, Joe",29,L,2007,CLE-min,,107,455,392,45,99,15,9,4,57,102,40,3,62,7,12,0.368,0.253,0.327,0.367,0.695,9,7,7,144,4,,46.3333333333,43.465162037,20207.2262857143,,,,,,,,,
i20,"Inglett, Joe",29,L,2007,TOR,3B,2,5,5,0,3,0,1,0,2,2,0,0,0,1,0,1,0.6,0.6,1,1.6,0,0,0,5,0,313,3,3.33,15.104,1,0.1,2,0.2,0.565,0.501,0.2,0,2
i20,"Inglett, Joe",30,L,2008,TOR-min,,15,62,54,12,22,2,2,1,6,18,7,0,7,1,2,0.333,0.407,0.484,0.574,1.058,0,0,1,31,0,,14.737704918,13.9647540984,926.2483870968,,,,,,,,,
i20,"Inglett, Joe",30,L,2008,TOR,2B,109,385,344,45,102,15,7,3,39,84,28,0,43,9,2,0.818,0.297,0.355,0.407,0.762,8,1,4,140,5,105,48.9247311828,49.8752688172,18836.6643116883,13,1.5,28,2.9,0.512,0.508,2.3,0.6,23
i20,"Inglett, Joe",31,L,2009,TOR-min,,40,186,161,29,58,14,1,3,25,54,16,0,18,4,2,0.667,0.36,0.422,0.516,0.938,6,1,2,83,7,,34.7005649718,34.6576271186,5874.5907526882,,,,,,,,,
i20,"Inglett, Joe",31,L,2009,TOR,LF,36,99,89,11,25,4,1,0,6,17,8,0,21,3,1,0.75,0.281,0.347,0.348,0.695,1,0,1,31,0,84,10.5463917526,10.7711340206,1100.241010101,-4,-0.4,0,0,0.489,0.497,0.1,-0.2,1
i20,"Inglett, Joe",32,L,2010,MIL,RF,102,160,142,15,36,8,5,1,8,23,15,0,34,1,0,1,0.254,0.331,0.401,0.733,0,1,2,57,1,97,18.5159235669,18.6945859873,3193.8465,3,0.3,8,0.8,0.503,0.502,0.3,0.4,3
i20,"Inglett, Joe",33,L,2011,HOU-min,,11,37,28,1,2,0,0,0,0,1,8,0,9,2,0,1,0.071,0.278,0.071,0.349,1,0,0,2,1,,0.5555555556,0.8611111111,36.7621621622,,,,,,,,,
i20,"Inglett, Joe",33,L,2011,HOU,2B,20,27,27,3,6,1,0,0,1,4,0,0,7,0,0,,0.222,0.222,0.259,0.481,0,0,0,7,0,33,1.5555555556,1.5555555556,42,-3,-0.4,-2,-0.3,0.482,0.498,-0.2,-0.1,-1
i21,"Ingraham, Charlie",23,U,1883,YNG-min,,,,,,,,,,,,,,,,,,,,,,,,,,,,,,,,,,,,,,,
i21,"Ingraham, Charlie",23,U,1883,BAL,C,1,4,4,0,1,0,0,0,,,0,,,,,,0.25,0.25,0.25,0.5,,,,1,,60,0.25,,,-1,-0.1,-1,-0.1,0.408,0.499,0,-0.1,0
i21,"Ingraham, Charlie",24,U,1884,None-min,,21,83,83,12,16,0,0,0,,,,,,,,,0.193,0.193,0.193,0.386,,,,16,,,,,,,,,,,,,,
i21,"Ingraham, Charlie",26,U,1886,OSH-min,,,,,,,,,,,,,,,,,,,,,,,,,,,,,,,,,,,,,,,
i21,"Ingraham, Charlie",27,U,1887,None-min,,123,529,529,89,171,30,8,3,,,,,,36,,,0.323,0.323,0.427,0.75,,,,226,,,,,,,,,,,,,,
i21,"Ingraham, Charlie",28,U,1888,None-min,,6,22,22,1,4,0,0,0,,,,,,1,,,0.182,0.182,0.182,0.364,,,,4,,,,,,,,,,,,,,
i22,"Ingram, Garey",19,R,1990,LAD-min,,56,224,198,43,68,12,8,2,21,64,22,0,37,10,6,0.625,0.343,0.415,0.515,0.93,0,1,3,102,,,41.7272727273,41.0454545455,,,,,,,,,,
i22,"Ingram, Garey",20,R,1991,LAD-min,,119,524,446,75,132,16,4,9,62,137,52,4,71,30,13,0.698,0.296,0.382,0.41,0.792,5,7,14,183,5,,67.6144578313,68.5030120482,35841.6416793893,,,,,,,,,
i22,"Ingram, Garey",21,R,1992,LAD-min,,65,241,198,34,57,9,5,2,17,51,28,2,43,11,6,0.647,0.288,0.406,0.414,0.82,2,1,12,82,4,,30.8407079646,30.778539823,7993.5902074689,,,,,,,,,
i22,"Ingram, Garey",22,R,1993,LAD-min,,84,345,305,43,82,14,5,6,33,76,31,0,50,19,6,0.76,0.269,0.344,0.407,0.751,2,2,5,124,3,,41.7023809524,42.815922619,14536.2746666667,,,,,,,,,
i22,"Ingram, Garey",23,R,1994,LAD-min,,101,407,353,70,91,24,3,8,28,98,43,3,62,20,5,0.8,0.258,0.353,0.411,0.764,2,0,9,145,6,,49.0656565657,50.8181818182,20821.7081081081,,,,,,,,,
i22,"Ingram, Garey",23,R,1994,LAD,2B,26,86,78,10,22,1,0,3,8,18,7,3,22,0,0,,0.282,0.341,0.41,0.751,1,0,0,32,3,101,10.9176470588,10.9176470588,859.0460465116,-1,-0.1,2,0.2,0.496,0.499,0.3,-0.1,3
i22,"Ingram, Garey",24,R,1995,LAD-min,,63,259,232,28,57,11,4,1,30,58,21,1,40,10,4,0.714,0.246,0.313,0.341,0.653,0,3,3,79,4,,24.3557312253,24.7154150198,6203.5661003861,,,,,,,,,
i22,"Ingram, Garey",24,R,1995,LAD,3B,44,66,55,5,11,2,0,0,3,8,9,0,8,3,0,1,0.2,0.313,0.236,0.549,2,0,0,13,0,54,4.0625,4.578125,306.8393939394,-4,-0.4,-2,-0.2,0.491,0.498,0,-0.2,1
i22,"Ingram, Garey",25,R,1996,LAD-min,,6,11,10,1,1,0,0,0,0,1,1,0,2,0,0,,0.1,0.182,0.1,0.282,0,0,0,1,1,,0.1818181818,0.1818181818,1.26,,,,,,,,,
i22,"Ingram, Garey",26,R,1997,LAD-min,,92,392,348,68,104,28,7,12,52,120,37,1,50,16,6,0.727,0.299,0.371,0.523,0.894,1,2,4,182,5,,66.6545454545,66.9038961039,25781.6252040816,,,,,,,,,
i22,"Ingram, Garey",26,R,1997,LAD,LF,12,10,9,2,4,0,0,0,1,3,1,0,3,1,0,1,0.444,0.5,0.444,0.944,0,0,0,4,0,158,2,2.275,21.352,1,0.1,2,0.2,0.512,0.501,0.1,0,1
i22,"Ingram, Garey",27,R,1998,LAD-min,,108,421,377,60,114,25,5,8,58,118,30,1,69,20,6,0.769,0.302,0.36,0.459,0.819,7,2,5,173,7,,61.2088452088,62.3882063882,24730.2758194774,,,,,,,,,
i22,"Ingram, Garey",28,R,1999,BOS-min,,85,325,296,49,73,15,3,9,39,88,17,0,52,11,2,0.846,0.247,0.292,0.409,0.701,7,2,3,121,5,,34.7923322684,35.7201277955,10853.232,,,,,,,,,
i22,"Ingram, Garey",29,R,2000,BOS-min,,103,374,311,44,74,17,2,10,36,80,45,1,53,5,2,0.714,0.238,0.347,0.402,0.749,5,4,9,125,9,,41.7837078652,41.985252809,16237.2794652406,,,,,,,,,
i22,"Ingram, Garey",30,R,2001,None-min,,90,372,338,61,95,25,1,14,55,116,24,2,55,7,2,0.778,0.281,0.339,0.485,0.824,0,3,7,164,7,,53.9116022099,54.2498618785,20070.1939784946,,,,,,,,,
i22,"Ingram, Garey",31,R,2002,LAD-min,,25,72,63,9,20,3,0,1,10,19,6,0,14,0,0,,0.317,0.394,0.413,0.807,1,0,2,26,1,,9.7971014493,9.7971014493,758.1672222222,,,,,,,,,
i23,"Ingram, Mel",24,R,1929,PIT,,3,0,0,1,0,0,0,0,0,1,0,,0,0,,,,,,,0,,0,0,,,,,,0,0,0,0,0.5,0.5,0,0,0
i24,"Ingram, Riccardo",21,R,1988,DET-min,,54,181,167,17,33,5,2,0,13,30,12,0,45,2,1,0.667,0.198,0.256,0.251,0.507,1,0,1,42,1,,10.5586592179,10.5944134078,1996.7286187845,,,,,,,,,
i24,"Ingram, Riccardo",22,R,1989,DET-min,,109,398,365,40,88,13,3,6,30,70,29,1,56,5,2,0.714,0.241,0.296,0.342,0.639,0,3,1,125,13,,37.1192893401,37.2874365482,13651.6304522613,,,,,,,,,
i24,"Ingram, Riccardo",23,R,1990,DET-min,,92,303,271,27,69,10,2,0,26,53,27,1,49,3,1,0.75,0.255,0.331,0.306,0.637,1,0,4,83,,,26.7382550336,26.985738255,,,,,,,,,,
i24,"Ingram, Riccardo",24,R,1991,DET-min,,118,473,421,58,114,14,1,18,64,122,40,0,77,6,5,0.545,0.271,0.338,0.437,0.775,5,3,4,184,15,,61.4663774403,60.5373101952,26970.7353911205,,,,,,,,,
i24,"Ingram, Riccardo",25,R,1992,DET-min,,121,455,410,45,103,15,6,8,41,86,31,4,52,8,6,0.571,0.251,0.308,0.376,0.684,4,5,5,154,11,,46.7936507937,45.9755102041,19803.0594285714,,,,,,,,,
i24,"Ingram, Riccardo",26,R,1993,DET-min,,123,457,415,41,112,20,4,13,62,103,32,5,66,9,7,0.563,0.27,0.326,0.431,0.757,0,5,5,179,6,,57.6644295302,56.3784116331,25475.5359299781,,,,,,,,,
i24,"Ingram, Riccardo",27,R,1994,DET-min,,90,346,314,39,90,16,4,9,56,95,24,3,45,11,6,0.647,0.287,0.344,0.449,0.793,0,3,5,141,9,,47.5562130178,46.9863905325,15367.0610404624,,,,,,,,,
i24,"Ingram, Riccardo",27,R,1994,DET,LF,12,25,23,3,5,0,0,0,2,5,1,0,2,0,1,0,0.217,0.24,0.217,0.457,0,1,0,5,0,20,1.25,1.0416666667,26.3208,-6,-0.5,-5,-0.4,0.457,0.497,-0.3,-0.2,-3
i24,"Ingram, Riccardo",28,R,1995,MIN-min,,122,526,477,80,166,43,2,12,85,165,41,3,60,4,5,0.444,0.348,0.399,0.522,0.921,0,5,3,249,22,,99.5038610039,97.9583011583,47517.7888973384,,,,,,,,,
i24,"Ingram, Riccardo",28,R,1995,MIN,DH,4,10,8,0,1,0,0,0,1,1,2,0,1,0,0,,0.125,0.3,0.125,0.425,0,0,0,1,1,16,0.3,0.3,3.04,-2,-0.2,-1,-0.1,0.461,0.499,-0.1,0,-1
i24,"Ingram, Riccardo",29,R,1996,SDP-min,,124,463,409,54,102,21,1,8,51,105,49,7,64,6,6,0.5,0.249,0.333,0.364,0.697,0,2,3,149,11,,49.1244541485,48.2172489083,22015.9089848812,,,,,,,,,
i24,"Ingram, Riccardo",30,R,1997,MTY-min,,,,,,,,,,,,,,,,,,,,,,,,,,,,,,,,,,,,,,,
i27,"Iorg, Dane",21,L,1971,PHI-min,,77,333,275,64,101,15,6,7,65,129,52,,32,11,2,0.846,0.367,0.459,0.542,1.001,0,6,0,149,,,69.7155963303,71.5980122324,,,,,,,,,,
i27,"Iorg, Dane",22,L,1972,TEX-PHI-min,,107,433,367,63,110,22,3,8,38,101,62,,31,8,0,1,0.3,0.402,0.441,0.843,0,2,2,162,,,64.951048951,66.7151515152,,,,,,,,,,
i27,"Iorg, Dane",23,L,1973,PHI-min,,116,465,386,64,119,21,6,7,49,113,76,,52,7,3,0.7,0.308,0.422,0.448,0.871,1,1,1,173,,,73.0194805195,73.4961038961,,,,,,,,,,
i27,"Iorg, Dane",24,L,1974,PHI-min,,133,533,444,53,110,19,3,10,59,112,75,,65,1,3,0.25,0.248,0.355,0.372,0.726,6,6,2,165,,,58.8150289017,58.0541425819,,,,,,,,,,
i27,"Iorg, Dane",25,L,1975,PHI-min,,110,420,355,54,95,21,5,6,61,115,61,,57,1,3,0.25,0.268,0.376,0.406,0.781,2,1,1,144,,,54,53.1638221154,,,,,,,,,,
i27,"Iorg, Dane",26,L,1976,PHI-min,,120,461,396,65,129,25,11,11,68,133,56,,48,1,5,0.167,0.326,0.408,0.528,0.936,3,4,2,209,,,85.5420353982,83.4491150442,,,,,,,,,,
i27,"Iorg, Dane",27,L,1977,PHI-STL-min,,75,318,273,47,90,14,4,9,48,95,42,,35,3,1,0.75,0.33,0.42,0.509,0.929,1,1,1,139,,,58.2476190476,58.4925396825,,,,,,,,,,
i27,"Iorg, Dane",27,L,1977,STL,1B,42,69,62,5,15,2,0,0,6,11,6,0,7,0,1,0,0.242,0.304,0.274,0.579,0,1,0,17,1,56,5.25,5,352.6475362319,-1,-0.2,0,0,0.486,0.499,0,-0.1,0
i27,"Iorg, Dane",28,L,1978,STL-min,,89,391,345,73,128,20,0,24,87,160,35,,37,1,0,1,0.371,0.425,0.638,1.062,0,8,3,220,,,94.3684210526,94.6043421053,,,,,,,,,,
i27,"Iorg, Dane",28,L,1978,STL,RF,35,90,85,6,23,4,1,0,4,10,4,1,10,0,0,,0.271,0.3,0.341,0.641,0,1,0,29,2,80,8.797752809,8.797752809,744.5057777778,-4,-0.4,-1,-0.1,0.488,0.498,-0.3,0,-2
i27,"Iorg, Dane",29,L,1979,STL,LF,79,195,179,12,52,11,1,1,21,33,12,1,28,1,2,0.333,0.291,0.337,0.38,0.717,2,1,1,68,5,94,22.7853403141,22.2518324607,4124.9706666667,-4,-0.5,2,0.2,0.494,0.497,0.2,-0.4,3
i27,"Iorg, Dane",30,L,1980,STL,LF,105,275,251,33,76,23,1,3,36,69,20,2,34,1,1,0.5,0.303,0.349,0.438,0.787,0,4,0,110,5,116,38.9667896679,38.7536900369,10321.2094545455,4,0.4,14,1.4,0.504,0.503,1.3,-0.2,13
i27,"Iorg, Dane",31,L,1981,STL,LF,75,227,217,23,71,11,2,2,39,62,7,0,9,2,0,1,0.327,0.344,0.424,0.768,0,3,0,92,7,115,32.0357142857,32.41875,6661.2314537445,-6,-0.6,2,0.2,0.491,0.496,0.9,-1.2,10
i27,"Iorg, Dane",32,L,1982,STL,LF,102,264,238,17,70,14,1,0,34,51,23,3,23,0,1,0,0.294,0.352,0.361,0.714,0,3,0,86,11,100,30.6436781609,30.3141762452,7387.2059090909,-6,-0.7,3,0.2,0.493,0.496,0.2,-0.3,3
i27,"Iorg, Dane",33,L,1983,STL-min,,3,10,10,2,2,0,0,0,0,2,0,0,0,0,0,,0.2,0.2,0.2,0.4,0,0,0,2,,,0.4,0.4,,,,,,,,,,
i27,"Iorg, Dane",33,L,1983,STL,RF,58,131,116,6,31,9,1,0,11,17,10,2,11,1,0,1,0.267,0.321,0.362,0.683,0,4,1,42,6,89,13.6666666667,13.8456349206,1596.2598473283,-2,-0.3,2,0.2,0.496,0.498,-0.1,0.1,0
i27,"Iorg, Dane",34,L,1984,KCR,1B,93,284,263,30,64,18,2,5,33,63,15,4,21,0,1,0,0.243,0.278,0.384,0.662,0,6,0,101,9,82,28.7014388489,28.3381294964,7166.3509859155,-9,-0.9,-1,-0.2,0.484,0.494,0.1,-0.5,1
i27,"Iorg, Dane",35,L,1985,KCR,RF,64,138,130,7,29,9,1,1,21,28,8,2,16,0,1,0,0.223,0.268,0.331,0.599,0,0,0,43,6,64,11.5289855072,11.2173913043,1336.8,-8,-0.8,-3,-0.3,0.488,0.495,-0.4,0,-4
i27,"Iorg, Dane",36,L,1986,SDP,1B,90,109,106,10,24,2,1,2,11,21,2,0,21,0,0,,0.226,0.239,0.321,0.559,0,1,0,34,2,55,8.1851851852,8.1851851852,828.4847706422,-6,-0.6,-2,-0.3,0.493,0.496,-0.2,-0.1,-1
i28,"Iorg, Garth",18,R,1973,NYY-min,,51,182,169,20,40,3,0,3,13,33,8,,29,3,0,1,0.237,0.268,0.308,0.576,3,2,0,52,,,14.1016949153,14.5491525424,,,,,,,,,,
i28,"Iorg, Garth",19,R,1974,NYY-min,,102,375,325,30,70,11,4,0,38,68,29,1,49,7,3,0.7,0.215,0.279,0.274,0.553,20,1,0,89,10,,24.8898305085,25.1796610169,8280.1188266667,,,,,,,,,
i28,"Iorg, Garth",20,R,1975,NYY-min,,126,469,422,29,106,10,4,0,37,66,34,0,44,22,7,0.759,0.251,0.306,0.294,0.6,8,4,1,124,4,,38.0701754386,39.6958333333,17303.0376972281,,,,,,,,,
i28,"Iorg, Garth",21,R,1976,NYY-min,,78,296,273,31,75,17,1,1,24,55,16,,35,15,3,0.833,0.275,0.316,0.355,0.671,5,1,1,97,,,30.5432525952,32.0484429066,,,,,,,,,,
i28,"Iorg, Garth",22,R,1977,HOU-min,,70,289,262,35,77,8,3,1,34,69,21,,33,10,3,0.769,0.294,0.345,0.359,0.704,2,3,1,94,,,32.5512367491,33.4010600707,,,,,,,,,,
i28,"Iorg, Garth",23,R,1978,TOR-min,,89,348,324,29,70,16,2,6,25,54,18,,55,2,3,0.4,0.216,0.262,0.333,0.595,4,0,2,108,,,27.7894736842,27.115497076,,,,,,,,,,
i28,"Iorg, Garth",23,R,1978,TOR,2B,19,55,49,3,8,0,0,0,3,6,3,0,4,0,0,,0.163,0.218,0.163,0.381,0,2,1,8,3,9,1.6923076923,1.6923076923,81.3789090909,-4,-0.5,-2,-0.3,0.475,0.497,-0.5,0.3,-4
i28,"Iorg, Garth",24,R,1979,TOR-min,,121,498,430,65,121,23,4,5,39,104,46,,44,2,4,0.333,0.281,0.351,0.388,0.74,11,7,4,167,,,58.5903361345,57.5636554622,,,,,,,,,,
i28,"Iorg, Garth",25,R,1980,TOR-min,,32,146,134,17,40,6,3,1,14,31,7,,17,7,4,0.636,0.299,0.336,0.41,0.746,3,1,1,55,,,18.3333333333,17.9471631206,,,,,,,,,,
i28,"Iorg, Garth",25,R,1980,TOR,2B,80,237,222,24,55,10,1,2,14,38,12,0,39,2,1,0.667,0.248,0.286,0.329,0.615,3,0,0,73,5,65,20.9017094017,20.9,4643.3309704641,-3,-0.2,5,0.5,0.496,0.498,0.1,0.4,2
i28,"Iorg, Garth",26,R,1981,TOR,2B,70,225,215,17,52,11,0,0,10,27,7,1,31,2,3,0.4,0.242,0.269,0.293,0.562,2,0,1,63,3,59,16.7432432432,16.1693693694,3500.2892444445,-4,-0.4,4,0.3,0.494,0.497,-0.2,0.7,-1
i28,"Iorg, Garth",27,R,1982,TOR,3B,129,442,417,45,119,20,5,1,36,81,12,2,38,3,2,0.6,0.285,0.307,0.365,0.671,2,7,4,152,6,78,46.4149184149,46.2024475524,19766.2941176471,-4,-0.4,11,1,0.496,0.497,0.5,0.8,6
i28,"Iorg, Garth",28,R,1983,TOR,3B,122,394,375,40,103,22,5,2,39,79,13,3,45,7,0,1,0.275,0.298,0.376,0.674,2,3,1,141,10,81,42.1546391753,43.3056701031,15393.0358375635,1,0.2,14,1.4,0.501,0.5,0.7,1,7
i28,"Iorg, Garth",29,R,1984,TOR,3B,121,257,247,24,56,10,3,1,25,49,5,0,16,1,3,0.25,0.227,0.244,0.304,0.548,3,1,1,75,7,49,18.1547619048,17.3884920635,3981.1301167315,-16,-1.6,-7,-0.8,0.486,0.49,-0.6,-0.1,-5
i28,"Iorg, Garth",30,R,1985,TOR,3B,131,312,288,33,90,22,1,7,37,70,21,3,26,3,6,0.333,0.313,0.358,0.469,0.827,2,1,0,135,6,121,48.4951456311,46.4344660194,13828.33,7,0.8,18,1.8,0.506,0.504,1.6,0.4,16
i28,"Iorg, Garth",31,R,1986,TOR,3B,137,351,327,30,85,19,1,3,44,74,20,0,47,3,0,1,0.26,0.303,0.352,0.655,1,2,1,115,7,76,34.7982708934,35.2975504323,11925.5488888889,-9,-0.8,3,0.3,0.494,0.495,0.7,-0.1,7
i28,"Iorg, Garth",32,R,1987,TOR,2B,122,342,310,35,65,11,0,4,30,65,21,0,52,2,2,0.5,0.21,0.262,0.284,0.546,6,3,2,88,8,44,22.8640483384,22.6114803625,7330.4567251462,-18,-1.7,-6,-0.6,0.486,0.489,-1,0.7,-10
i29,"Iott, Happy",22,R,1899,TAU-min,,15,70,70,14,24,4,0,0,,,,,,7,,,0.343,0.343,0.4,0.743,,,,28,,,,,,,,,,,,,,
i29,"Iott, Happy",25,R,1902,None-min,,33,125,125,,29,6,2,0,,,,,,,,,0.232,0.232,0.312,0.544,,,,39,,,,,,,,,,,,,,
i29,"Iott, Happy",26,R,1903,FRV-min,,100,401,401,,127,23,7,5,,,,,,,,,0.317,0.317,0.446,0.763,,,,179,,,,,,,,,,,,,,
i29,"Iott, Happy",26,R,1903,CLE,OF,3,12,10,1,2,0,0,0,0,1,2,,3,1,,,0.2,0.333,0.2,0.533,0,,0,2,,64,0.6666666667,,,0,-0.1,0,0,0.485,0.5,0,0,0
i29,"Iott, Happy",27,R,1904,FRV-min,,41,161,161,,48,10,5,0,,,,,,,,,0.298,0.298,0.422,0.72,,,,68,,,,,,,,,,,,,,
i29,"Iott, Happy",29,R,1906,HLY-min,,62,247,247,,62,12,5,2,,,,,,,,,0.251,0.251,0.364,0.615,,,,90,,,,,,,,,,,,,,
i32,"Irelan, Hal",20,B,1911,HOP-min,,120,437,437,,118,18,5,1,,,,,,,,,0.27,0.27,0.341,0.611,,,,149,,,,,,,,,,,,,,
i32,"Irelan, Hal",21,B,1912,SAC-min,,121,398,398,,105,15,2,0,,,,,,,,,0.264,0.264,0.312,0.575,,,,124,,,,,,,,,,,,,,
i32,"Irelan, Hal",22,B,1913,None-min,,105,350,350,,92,15,10,4,,,,,,,,,0.263,0.263,0.397,0.66,,,,139,,,,,,,,,,,,,,
i32,"Irelan, Hal",23,B,1914,PHI,2B,67,191,165,16,39,8,0,1,16,32,21,,22,3,,,0.236,0.326,0.303,0.629,3,,1,50,,83,16.1290322581,,,-10,-1.2,-4,-0.6,0.483,0.493,0.2,-0.8,3
i32,"Irelan, Hal",24,B,1915,MTL-min,,120,433,433,,103,16,9,9,,,,,,,,,0.238,0.238,0.379,0.617,,,,164,,,,,,,,,,,,,,
i32,"Irelan, Hal",25,B,1916,OMA-min,,38,135,135,,25,8,1,1,,,,,,,,,0.185,0.185,0.281,0.467,,,,38,,,,,,,,,,,,,,
i32,"Irelan, Hal",26,B,1917,OMA-min,,21,76,76,,21,5,1,0,,,,,,,,,0.276,0.276,0.368,0.645,,,,28,,,,,,,,,,,,,,
i32,"Irelan, Hal",29,B,1920,CHR-min,,42,140,140,,23,0,0,0,,,,,,,,,0.164,0.164,0.164,0.329,,,,23,,,,,,,,,,,,,,
i32,"Irelan, Hal",30,B,1921,KPT-min,,98,346,346,,100,21,5,3,,,,,,,,,0.289,0.289,0.405,0.694,,,,140,,,,,,,,,,,,,,
i33,"Ireland, Tim",20,B,1973,MON-min,,69,308,269,43,77,10,3,1,26,69,27,,37,3,2,0.6,0.286,0.369,0.357,0.726,2,1,9,96,,,33.7297297297,33.6496621622,,,,,,,,,,
i33,"Ireland, Tim",21,B,1974,MON-min,,132,519,436,67,104,15,2,1,38,105,69,1,68,12,12,0.5,0.239,0.348,0.289,0.637,4,4,6,126,10,,43.1643564356,42.2744554455,22802.7000385356,,,,,,,,,
i33,"Ireland, Tim",22,B,1975,BAL-CIN-MON-min,,83,318,257,42,56,10,2,0,20,62,50,0,50,9,4,0.692,0.218,0.345,0.272,0.618,8,2,1,70,2,,24.1693811075,24.9019543974,8409.2910691824,,,,,,,,,
i33,"Ireland, Tim",23,B,1976,CHC-min,,126,484,402,56,98,10,3,3,39,95,63,,60,17,10,0.63,0.244,0.354,0.306,0.66,7,4,8,123,,,42.5870967742,42.978172043,,,,,,,,,,
i33,"Ireland, Tim",24,B,1977,KCR-CHC-min,,57,196,166,23,40,5,1,0,11,34,25,,32,2,6,0.25,0.241,0.352,0.283,0.635,0,1,4,47,,,15.9947643979,14.8581151832,,,,,,,,,,
i33,"Ireland, Tim",25,B,1978,KCR-min,,128,526,443,64,114,17,5,6,58,122,61,,50,18,10,0.643,0.257,0.353,0.359,0.712,8,6,8,159,,,55.2083333333,55.2946428571,,,,,,,,,,
i33,"Ireland, Tim",26,B,1979,KCR-min,,109,449,370,53,97,16,1,5,33,86,58,,42,23,9,0.719,0.262,0.372,0.351,0.723,13,1,7,130,,,47.0794392523,48.6609813084,,,,,,,,,,
i33,"Ireland, Tim",27,B,1980,KCR-min,,126,554,450,70,133,32,2,12,63,133,81,,59,22,14,0.611,0.296,0.404,0.456,0.859,9,8,6,205,,,82.6177024482,81.7702448211,,,,,,,,,,
i33,"Ireland, Tim",28,B,1981,KCR-min,,126,528,450,65,117,23,4,7,59,124,63,1,48,8,11,0.421,0.26,0.351,0.376,0.727,7,5,3,169,,,59.298245614,57.1239766082,,,,,,,,,,
i33,"Ireland, Tim",28,B,1981,KCR,1B,4,0,0,1,0,0,0,0,0,1,0,0,0,0,1,0,,,,,0,0,0,0,0,,,,,0,0,0,0,0.5,0.5,0,0,0
i33,"Ireland, Tim",29,B,1982,KCR-min,,86,363,315,45,78,10,3,4,33,78,36,0,54,6,9,0.4,0.248,0.328,0.337,0.664,3,5,4,106,,,34.4273504274,32.6965811966,,,,,,,,,,
i33,"Ireland, Tim",29,B,1982,KCR,2B,7,8,7,2,1,0,0,0,0,2,1,0,1,0,0,,0.143,0.25,0.143,0.393,0,0,0,1,0,12,0.25,0.25,2.52,-1,-0.1,0,0,0.489,0.5,-0.1,0,-1
i33,"Ireland, Tim",30,B,1983,None-min,,96,350,321,39,94,17,0,12,44,83,21,1,27,8,2,0.8,0.293,0.34,0.458,0.798,3,2,3,147,4,,49.4298245614,50.0239766082,17133.7793142857,,,,,,,,,
i33,"Ireland, Tim",31,B,1984,None-min,,108,292,264,31,67,11,0,6,23,54,19,1,20,4,7,0.364,0.254,0.311,0.364,0.675,6,0,3,96,3,,29.1731448763,27.4127208481,8015.3578082192,,,,,,,,,
i33,"Ireland, Tim",32,B,1985,MIL-min,,51,197,177,18,39,9,0,0,17,35,16,0,15,5,4,0.556,0.22,0.287,0.271,0.558,2,1,1,48,,,13.6787564767,13.4106217617,,,,,,,,,,
i34,"Iribarren, Hernan",20,L,2004,MIL-min,,61,284,256,52,108,12,14,5,46,98,24,2,39,16,7,0.696,0.422,0.47,0.637,1.106,3,1,0,163,3,,76.8428571429,76.6964285714,20583.8766197183,,,,,,,,,
i34,"Iribarren, Hernan",21,L,2005,MIL-min,,126,560,486,72,141,15,8,4,48,120,51,2,99,38,15,0.717,0.29,0.36,0.379,0.739,13,5,5,184,9,,65.7877094972,67.5368715084,34260.972,,,,,,,,,
i34,"Iribarren, Hernan",22,L,2006,MIL-min,,121,486,425,53,132,13,4,2,52,105,41,0,62,19,15,0.559,0.311,0.367,0.374,0.741,12,7,1,159,10,,59.0278969957,57.4530042918,25318.1206584362,,,,,,,,,
i34,"Iribarren, Hernan",23,L,2007,MIL-min,,169,667,584,94,179,28,13,4,60,154,58,4,129,18,20,0.474,0.307,0.367,0.42,0.787,19,5,1,245,4,,90.4439252336,86.157788162,55490.2327436282,,,,,,,,,
i34,"Iribarren, Hernan",24,L,2008,MIL-min,,137,563,505,80,144,22,8,2,44,124,48,0,79,30,12,0.714,0.285,0.346,0.372,0.719,6,3,1,188,7,,65.2730560579,66.5641952984,34928.7960213144,,,,,,,,,
i34,"Iribarren, Hernan",24,L,2008,MIL,2B,12,15,14,1,2,1,0,0,1,2,1,0,3,0,0,,0.143,0.2,0.214,0.414,0,0,0,3,0,10,0.6,0.6,9.78,-1,-0.1,0,0,0.493,0.5,-0.1,0.1,-1
i34,"Iribarren, Hernan",25,L,2009,MIL-min,,153,617,554,80,172,31,8,5,75,155,43,4,102,22,13,0.629,0.31,0.363,0.422,0.785,11,4,5,234,7,,84.2713567839,83.2700167504,49088.0311831443,,,,,,,,,
i34,"Iribarren, Hernan",25,L,2009,MIL,2B,12,14,13,1,3,2,0,0,1,2,1,0,5,0,0,,0.231,0.286,0.385,0.67,0,0,0,5,0,77,1.4285714286,1.4285714286,21.04,0,0,0,0,0.499,0.5,0,0,0
i34,"Iribarren, Hernan",26,L,2010,TEX-min,,174,700,619,93,177,27,6,10,81,174,58,3,105,18,10,0.643,0.286,0.345,0.397,0.743,14,7,2,246,14,,85.3914327917,85.0480059084,55554.6889714286,,,,,,,,,
i34,"Iribarren, Hernan",27,L,2011,LRA-min,,41,139,123,17,29,1,1,0,6,23,11,0,23,2,2,0.5,0.236,0.307,0.26,0.567,2,1,2,32,4,,9.552238806,9.3865671642,1273.698705036,,,,,,,,,
i34,"Iribarren, Hernan",28,L,2012,COL-min,,145,560,484,87,150,23,7,2,49,136,59,5,73,22,6,0.786,0.31,0.383,0.399,0.781,11,5,1,193,9,,74.2854511971,76.676427256,40423.5352857143,,,,,,,,,
i34,"Iribarren, Hernan",29,L,2013,COL-min,,115,372,333,39,97,13,4,2,39,78,28,1,60,10,5,0.667,0.291,0.345,0.372,0.717,4,5,2,124,7,,42.9362880886,43.0470914127,15127.1265591398,,,,,,,,,
i34,"Iribarren, Hernan",30,L,2014,CIN-min,,137,359,314,38,71,10,3,1,22,60,37,1,52,2,1,0.667,0.226,0.304,0.287,0.591,4,4,0,90,7,,27.6923076923,27.7712250712,9936.0144846797,,,,,,,,,
i35,"Irvin, Monte",19,R,1938,None-min,,,4,4,0,0,0,0,0,0,0,0,,,0,,,0,0,0,0,0,,,0,,,0,,,,,,,,,,,
i35,"Irvin, Monte",20,R,1939,None-min,,,57,52,3,10,0,0,0,2,5,5,,,0,,,0.192,0.263,0.192,0.455,0,,,10,,,2.6315789474,,,,,,,,,,,
i35,"Irvin, Monte",21,R,1940,None-min,,,135,131,26,46,8,4,3,37,63,4,,,2,,,0.351,0.37,0.542,0.912,0,,,71,,,26.2962962963,,,,,,,,,,,
i35,"Irvin, Monte",22,R,1941,None-min,,,142,130,30,52,10,1,4,36,66,7,,,7,,,0.4,0.431,0.585,1.015,5,,,76,,,32.7299270073,,,,,,,,,,,
i35,"Irvin, Monte",23,R,1942,None-min,,,12,12,3,9,1,1,1,8,11,0,,,2,,,0.75,0.75,1.25,2,0,,,15,,,11.25,,,,,,,,,,,
i35,"Irvin, Monte",26,R,1945,None-min,,,14,13,2,5,1,0,0,1,3,0,,,0,,,0.385,0.385,0.462,0.846,1,,,6,,,2.3076923077,,,,,,,,,,,
i35,"Irvin, Monte",27,R,1946,None-min,,,162,152,34,57,6,1,6,36,70,10,,,3,,,0.375,0.414,0.546,0.96,0,,,83,,,34.3271604938,,,,,,,,,,,
i35,"Irvin, Monte",28,R,1947,None-min,,,53,46,13,16,1,0,4,10,23,6,,,1,,,0.348,0.423,0.63,1.054,1,,,29,,,12.2692307692,,,,,,,,,,,
i35,"Irvin, Monte",29,R,1948,None-min,,,34,30,6,7,0,0,2,5,11,4,,,2,,,0.233,0.324,0.433,0.757,0,,,13,,,4.2058823529,,,,,,,,,,,
i35,"Irvin, Monte",30,R,1949,NYG-min,,63,266,204,55,76,18,5,9,52,107,59,,22,14,,,0.373,0.519,0.642,1.161,0,,3,131,,,67.2433460076,,,,,,,,,,,
i35,"Irvin, Monte",30,R,1949,NYG,OF,36,93,76,7,17,3,2,0,7,14,17,,11,0,,,0.224,0.366,0.316,0.681,0,,0,24,2,84,8.7741935484,,,-2,-0.2,1,0.1,0.493,0.499,0.1,-0.1,1
i35,"Irvin, Monte",31,R,1950,NYG-min,,18,81,51,28,26,4,1,10,33,61,29,,6,2,,,0.51,0.691,1.216,1.907,0,,1,62,,,42.625,,,,,,,,,,,
i35,"Irvin, Monte",31,R,1950,NYG,1B,110,432,374,61,112,19,5,15,66,127,52,,41,3,,,0.299,0.392,0.497,0.889,1,,5,186,7,131,71.6056338028,,,20,1.9,36,3.5,0.518,0.512,3,0.1,30
i35,"Irvin, Monte",32,R,1951,NYG,OF,151,657,558,94,174,19,11,24,121,215,89,,44,12,2,0.857,0.312,0.415,0.514,0.929,1,,9,287,15,147,116.6630602782,118.4383307573,,43,4.3,68,6.9,0.53,0.527,6.3,0,61
i35,"Irvin, Monte",33,R,1952,NYG,OF,46,135,126,10,39,2,1,4,21,31,10,,11,0,1,0,0.31,0.365,0.437,0.801,0,,1,55,3,120,19.8161764706,19.4117647059,,1,0.1,6,0.6,0.503,0.501,0.6,-0.2,6
i35,"Irvin, Monte",34,R,1953,NYG,OF,124,502,444,72,146,21,5,21,97,169,55,,34,2,0,1,0.329,0.406,0.541,0.947,0,,3,240,20,141,96.6733466934,97.1164328657,,28,2.6,47,4.5,0.522,0.517,3.9,0.1,39
i35,"Irvin, Monte",35,R,1954,NYG,LF,135,512,432,62,113,13,3,19,64,126,70,,23,7,4,0.636,0.262,0.363,0.438,0.801,3,5,2,189,18,108,68.8984063745,68.7652390438,,10,1,30,2.9,0.508,0.507,1.6,0.7,17
i35,"Irvin, Monte",36,R,1955,NYG-min,,75,305,250,57,88,21,1,14,52,109,46,,23,2,,,0.352,0.457,0.612,1.069,3,2,4,153,7,,69.2635135135,,,,,,,,,,,
i35,"Irvin, Monte",36,R,1955,NYG,LF,51,173,150,16,38,7,1,1,17,33,17,0,15,3,0,1,0.253,0.337,0.333,0.671,1,2,3,50,5,79,16.4670658683,17.0104790419,2925.6180346821,-1,-0.2,5,0.4,0.498,0.499,0.1,0.1,1
i35,"Irvin, Monte",37,R,1956,CHC,LF,111,388,339,44,92,13,3,15,50,94,41,5,41,1,0,1,0.271,0.346,0.46,0.807,3,4,0,156,11,116,54.6,54.7925,20173.930749354,11,0.9,25,2.4,0.511,0.507,1.6,0.5,16
i35,"Irvin, Monte",38,R,1957,BRO-min,,4,11,10,1,3,0,0,1,2,3,1,,2,0,,,0.3,0.364,0.6,0.964,0,0,0,6,0,,2.1818181818,,,,,,,,,,,
i37,"Irwin, Arthur",21,L,1879,WCS-min,,32,136,136,20,37,,,,,,,,,,,,0.272,0.272,,,,,,,,,,,,,,,,,,,,
i37,"Irwin, Arthur",22,L,1880,WOR,SS,85,363,352,53,91,19,4,1,35,88,11,,27,,,,0.259,0.281,0.344,0.625,,,,121,,104,34,,,22,2.2,35,3.6,0.527,0.514,2,2.2,19
i37,"Irwin, Arthur",23,L,1881,WOR,SS,50,213,206,27,55,8,2,0,24,51,7,,4,,,,0.267,0.291,0.325,0.616,,,,67,,88,19.5023474178,,,-4,-0.4,4,0.4,0.493,0.498,0.9,-0.2,9
i37,"Irwin, Arthur",24,L,1882,WOR,3B,84,347,333,30,73,12,4,0,30,60,14,,34,,,,0.219,0.251,0.279,0.53,,,,93,,68,23.3170028818,,,-14,-1.4,-3,-0.2,0.484,0.492,0.4,-0.3,3
i37,"Irwin, Arthur",25,L,1883,PRO,SS,98,418,406,67,116,22,7,0,44,111,12,,38,,,,0.286,0.306,0.374,0.681,,,,152,,102,46.5454545455,,,18,1.5,32,3,0.516,0.51,2.1,1.5,21
i37,"Irwin, Arthur",26,L,1884,PRO,SS,102,432,404,73,97,14,3,2,44,117,28,,52,,,,0.24,0.289,0.304,0.594,,,,123,,89,35.5902777778,,,16,1.4,31,2.8,0.515,0.509,1.8,1.7,18
i37,"Irwin, Arthur",27,L,1885,PRO,SS,59,232,218,16,39,2,1,0,14,30,14,,29,,,,0.179,0.228,0.197,0.426,,,,43,,41,9.8232758621,,,-6,-0.7,2,0.2,0.489,0.496,-0.1,0.6,-1
i37,"Irwin, Arthur",28,L,1886,PHI,SS,101,408,373,51,87,6,6,0,34,85,35,,39,24,,,0.233,0.299,0.282,0.581,,,,105,,79,31.3970588235,,,9,0.7,23,2.2,0.509,0.505,1.6,1.4,14
i37,"Irwin, Arthur",29,L,1887,PHI,SS,100,425,374,65,95,14,8,2,56,121,48,,26,19,,,0.254,0.344,0.35,0.694,,,3,131,,88,44.3909952607,,,-2,-0.4,13,1.1,0.499,0.499,1.4,0.3,14
i37,"Irwin, Arthur",30,L,1888,PHI,SS,125,484,448,51,98,12,4,0,28,79,33,,56,19,,,0.219,0.277,0.263,0.54,,,3,118,,69,32.1372141372,,,-6,-0.7,11,1.1,0.495,0.496,0.8,1.2,7
i37,"Irwin, Arthur",31,L,1889,WHS,SS,103,435,386,58,89,15,5,0,42,100,48,,43,15,,,0.231,0.317,0.295,0.613,,,1,114,,75,35.9861751152,,,-5,-0.5,5,0.6,0.491,0.497,0.8,0.2,8
i37,"Irwin, Arthur",32,L,1890,BOS,SS,96,412,354,60,92,17,1,0,45,105,57,,29,16,,,0.26,0.364,0.314,0.678,,,1,111,,79,40.2408759124,,,-4,-0.3,6,0.7,0.496,0.498,0.6,0.5,6
i37,"Irwin, Arthur",33,L,1891,BOS,SS,6,21,17,1,2,0,0,0,0,1,2,,1,0,,,0.118,0.286,0.118,0.403,,,2,2,,15,0.4210526316,,,-2,-0.2,-2,-0.1,0.468,0.499,-0.1,-0.1,-1
i37,"Irwin, Arthur",36,L,1894,PHI,SS,1,0,0,0,0,0,0,0,0,0,0,,0,0,,,,,,,0,,0,0,,,,,,0,0,0,0,0.5,0.5,0,0,0
i37,"Irwin, Arthur",46,L,1904,KCY-min,,,,,,,,,,,,,,,,,,,,,,,,,,,,,,,,,,,,,,,
i39,"Irwin, Charlie",22,L,1891,SLE-min,,101,381,381,55,92,21,8,2,,,,,,30,,,0.241,0.241,0.354,0.596,,,,135,,,,,,,,,,,,,,
i39,"Irwin, Charlie",23,L,1892,None-min,,131,469,469,73,98,24,4,3,,,,,,56,,,0.209,0.209,0.296,0.505,,,,139,,,,,,,,,,,,,,
i39,"Irwin, Charlie",24,L,1893,OLD-min,,98,405,405,124,127,39,11,6,,,,,,13,,,0.314,0.314,0.509,0.822,,,,206,,,,,,,,,,,,,,
i39,"Irwin, Charlie",24,L,1893,CHC,SS,21,94,82,14,25,6,2,0,13,27,10,,1,4,,,0.305,0.394,0.427,0.82,,,2,35,,115,13.3152173913,,,3,0.2,6,0.5,0.51,0.501,0.6,0,7
i39,"Irwin, Charlie",25,L,1894,CHC,3B,130,581,504,85,149,25,9,8,100,185,64,,23,35,,,0.296,0.385,0.429,0.813,4,,9,216,,92,81,,,-5,-0.4,15,1.5,0.497,0.498,1.8,0.2,19
i39,"Irwin, Charlie",26,L,1895,None-min,,124,544,544,163,192,6,1,1,,,,,,2,,,0.353,0.353,0.044,0.397,0,,,24,,,,,,,,,,,,,,
i39,"Irwin, Charlie",26,L,1895,CHC,SS,3,12,10,4,2,0,0,0,0,4,2,,1,0,,,0.2,0.333,0.2,0.533,0,,0,2,,36,0.6666666667,,,-1,-0.1,0,0,0.48,0.5,0,0,0
i39,"Irwin, Charlie",27,L,1896,CIN,3B,127,516,476,77,141,16,6,1,67,144,26,,17,31,,,0.296,0.338,0.361,0.699,10,,4,172,,79,57.219123506,,,-6,-0.5,12,1.2,0.496,0.497,0.8,0.8,6
i39,"Irwin, Charlie",28,L,1897,CIN,3B,134,571,505,89,146,26,6,0,74,163,47,,29,27,,,0.289,0.36,0.364,0.724,10,,9,184,,87,64.3333333333,,,-6,-0.5,14,1.4,0.496,0.497,1.4,0.3,14
i39,"Irwin, Charlie",29,L,1898,CIN,3B,136,556,501,77,120,14,5,3,55,132,31,,13,18,,,0.24,0.297,0.305,0.602,14,,10,153,,68,43.4266917293,,,-12,-1.2,7,0.8,0.492,0.493,0.3,1,1
i39,"Irwin, Charlie",30,L,1899,CIN,3B,90,349,314,42,73,4,8,1,52,94,26,,13,26,,,0.232,0.295,0.306,0.601,7,,2,96,,63,27.9529411765,,,-14,-1.3,-2,-0.1,0.486,0.492,0.2,0,1
i39,"Irwin, Charlie",31,L,1900,CIN,3B,87,362,333,59,91,15,6,1,44,103,14,,15,9,,,0.273,0.314,0.363,0.678,9,,6,121,,89,36.613832853,,,-3,-0.3,10,1,0.497,0.499,1,0.2,10
i39,"Irwin, Charlie",32,L,1901,BRO,3B,132,545,502,50,114,25,4,0,45,95,28,,29,17,,,0.227,0.277,0.293,0.57,8,,7,147,,67,39.3849056604,,,-10,-1.1,-1,-0.1,0.483,0.493,0.3,-0.1,3
i39,"Irwin, Charlie",33,L,1902,BRO,3B,131,520,458,59,125,14,0,2,43,102,39,,32,13,,,0.273,0.346,0.317,0.662,11,,12,145,,105,47.847082495,,,10,1.1,27,3,0.509,0.507,2.8,0.7,25
i39,"Irwin, Charlie",34,L,1903,SFC-min,,208,775,775,,233,39,4,1,,,,,,,,,0.301,0.301,0.365,0.666,,,,283,,,,,,,,,,,,,,
i39,"Irwin, Charlie",35,L,1904,SFR-min,,213,783,783,,216,39,3,1,,,,,,,,,0.276,0.276,0.337,0.613,,,,264,,,,,,,,,,,,,,
i39,"Irwin, Charlie",36,L,1905,SFR-min,,226,787,787,,210,25,2,0,,,,,,,,,0.267,0.267,0.304,0.571,,,,239,,,,,,,,,,,,,,
i39,"Irwin, Charlie",37,L,1906,SFR-min,,175,610,610,,153,27,2,0,,,,,,,,,0.251,0.251,0.302,0.552,,,,184,,,,,,,,,,,,,,
i39,"Irwin, Charlie",38,L,1907,SFR-min,,163,580,580,,139,23,3,1,,,,,,,,,0.24,0.24,0.295,0.534,,,,171,,,,,,,,,,,,,,
i39,"Irwin, Charlie",39,L,1908,DEN-min,,115,369,369,,98,,,,,,,,,,,,0.266,0.266,,,,,,,,,,,,,,,,,,,,
i39,"Irwin, Charlie",40,L,1909,SAF-min,,15,57,57,,10,1,2,0,,,,,,,,,0.175,0.175,0.263,0.439,,,,15,,,,,,,,,,,,,,
i40,"Irwin, Ed",21,R,1903,KST-min,,22,89,89,,22,,,,,,,,,,,,0.247,0.247,,,,,,,,,,,,,,,,,,,,
i40,"Irwin, Ed",22,R,1904,KST-min,,,197,197,,47,,,,,,,,,,,,0.239,0.239,,,,,,,,,,,,,,,,,,,,
i40,"Irwin, Ed",23,R,1905,None-min,,,,,,,,,,,,,,,,,,,,,,,,,,,,,,,,,,,,,,,
i40,"Irwin, Ed",27,R,1909,RAL-min,,54,138,138,,32,,,,,,,,,,,,0.232,0.232,,,,,,,,,,,,,,,,,,,,
i40,"Irwin, Ed",28,R,1910,None-min,,114,392,392,,84,11,3,0,,,,,,,,,0.214,0.214,0.258,0.472,,,,101,,,,,,,,,,,,,,
i40,"Irwin, Ed",29,R,1911,None-min,,28,91,91,,12,1,0,0,,,,,,,,,0.132,0.132,0.143,0.275,,,,13,,,,,,,,,,,,,,
i40,"Irwin, Ed",30,R,1912,DET,3B,1,3,3,0,2,0,2,0,0,0,0,,1,0,0,,0.667,0.667,2,2.667,0,,0,6,,663,4,4,,2,0.2,2,0.2,0.659,0.501,0.2,0,2
i41,"Irwin, John",20,L,1882,WOR,1B,1,4,4,0,0,0,0,0,0,0,0,,2,,,,0,0,0,0,,,,0,,-100,0,,,-2,-0.2,-2,-0.2,0.314,0.499,-0.1,-0.1,-1
i41,"Irwin, John",21,L,1883,BAY-min,,,,,,,,,,,,,,,,,,,,,,,,,,,,,,,,,,,,,,,
i41,"Irwin, John",22,L,1884,BOS,3B,105,447,432,81,101,22,6,1,,,15,,,,,,0.234,0.26,0.319,0.579,,,,138,,94,35.8120805369,,,-4,-0.1,-4,0,0.496,0.497,0.1,0.1,0
i41,"Irwin, John",23,L,1885,None-min,,,,,,,,,,,,,,,,,,,,,,,,,,,,,,,,,,,,,,,
i41,"Irwin, John",24,L,1886,HVH-min,,,,,,,,,,,,,,,,,,,,,,,,,,,,,,,,,,,,,,,
i41,"Irwin, John",24,L,1886,PHA,SS,3,13,13,4,3,1,0,0,1,5,0,,,0,,,0.231,0.231,0.308,0.538,,,0,4,,69,0.9230769231,,,0,0,0,0,0.489,0.5,0,0,0
i41,"Irwin, John",25,L,1887,NWK-min,,,,,,,,,,,,,,,,,,,,,,,,,,,,,,,,,,,,,,,
i41,"Irwin, John",25,L,1887,WHS,SS,8,35,31,6,11,2,0,2,3,9,3,,6,6,,,0.355,0.429,0.613,1.041,,,1,19,,192,7.8235294118,,,4,0.3,6,0.5,0.544,0.502,0.5,0,6
i41,"Irwin, John",26,L,1888,WKB-min,,,,,,,,,,,,,,,,,,,,,,,,,,,,,,,,,,,,,,,
i41,"Irwin, John",26,L,1888,WHS,SS,37,133,126,14,28,5,2,0,8,22,5,,18,15,,,0.222,0.263,0.294,0.557,,,2,37,,82,9.320610687,,,-4,-0.4,1,0.1,0.491,0.498,0.6,-0.2,5
i41,"Irwin, John",27,L,1889,WKB-min,,,,,,,,,,,,,,,,,,,,,,,,,,,,,,,,,,,,,,,
i41,"Irwin, John",27,L,1889,WHS,3B,58,257,228,42,66,11,4,0,25,67,25,,14,10,,,0.289,0.37,0.373,0.742,,,4,85,,114,30.5731225296,,,6,0.4,15,1.3,0.509,0.503,1.6,0,17
i41,"Irwin, John",28,L,1890,BUF,3B,77,355,308,62,72,11,4,0,34,96,43,,19,18,,,0.234,0.335,0.295,0.631,,,4,91,,75,29.8148148148,,,-5,-0.3,3,0.5,0.495,0.498,0.4,0.3,3
i41,"Irwin, John",29,L,1891,LIN-min,,13,52,52,6,15,2,1,0,,,,,,1,,,0.288,0.288,0.365,0.654,,,,19,,,,,,,,,,,,,,
i41,"Irwin, John",29,L,1891,LOU,OF,33,139,127,13,31,3,3,0,22,35,11,,15,7,,,0.244,0.309,0.315,0.624,,,1,40,,80,12.1739130435,,,-4,-0.4,-2,-0.2,0.481,0.498,0,-0.1,-1
i41,"Irwin, John",30,L,1892,None-min,,28,112,97,11,19,3,0,0,,,,,,6,,,0.196,0.196,0.227,0.423,15,,,22,,,,,,,,,,,,,,
i41,"Irwin, John",31,L,1893,WKB-min,,62,253,253,48,73,7,5,2,,,,,,9,,,0.289,0.289,0.379,0.668,,,,96,,,,,,,,,,,,,,
i41,"Irwin, John",32,L,1894,HVH-min,,,,,,,,,,,,,,,,,,,,,,,,,,,,,,,,,,,,,,,
i41,"Irwin, John",33,L,1895,None-min,,,,,,,,,,,,,,,,,,,,,,,,,,,,,,,,,,,,,,,
i41,"Irwin, John",34,L,1896,NYC-min,,49,178,178,42,56,9,1,1,,,,,,20,,,0.315,0.315,0.393,0.708,,,,70,,,,,,,,,,,,,,
i41,"Irwin, John",35,L,1897,TAU-min,,91,353,353,64,128,35,0,1,,,,,,18,,,0.363,0.363,0.47,0.833,,,,166,,,,,,,,,,,,,,
i41,"Irwin, John",37,L,1899,MAN-min,,1,2,2,0,1,0,0,0,,,,,,0,,,0.5,0.5,0.5,1,,,,1,,,,,,,,,,,,,,
i43,"Irwin, Tommy",23,R,1936,CLE-min,,151,612,612,,173,27,4,2,,,,,,,,,0.283,0.283,0.35,0.632,,,,214,,,,,,,,,,,,,,
i43,"Irwin, Tommy",24,R,1937,CLE-min,,151,639,639,,206,37,4,1,,,,,,,,,0.322,0.322,0.397,0.72,,,,254,,,,,,,,,,,,,,
i43,"Irwin, Tommy",25,R,1938,CLE-min,,125,476,476,,141,23,4,8,,,,,,,,,0.296,0.296,0.412,0.708,,,,196,,,,,,,,,,,,,,
i43,"Irwin, Tommy",25,R,1938,CLE,SS,3,12,9,1,1,0,0,0,0,1,3,,1,0,0,,0.111,0.333,0.111,0.444,0,,0,1,,17,0.3333333333,0.3333333333,,-1,-0.1,0,0,0.476,0.5,0,0,0
i43,"Irwin, Tommy",26,R,1939,BOS-min,,115,380,380,,109,22,1,1,,,,,,,,,0.287,0.287,0.358,0.645,,,,136,,,,,,,,,,,,,,
i43,"Irwin, Tommy",27,R,1940,BOS-min,,137,464,464,,119,21,5,1,,,,,,,,,0.256,0.256,0.33,0.586,,,,153,,,,,,,,,,,,,,
i43,"Irwin, Tommy",29,R,1942,NYY-min,,80,233,233,,48,6,1,0,,,,,,,,,0.206,0.206,0.24,0.446,,,,56,,,,,,,,,,,,,,
i44,"Irwin, Walt",23,R,1921,STL,,4,1,1,1,0,0,0,0,0,1,0,,1,0,0,,0,0,0,0,0,,0,0,,-100,0,0,,0,0,0,0,0.492,0.5,0,0,0
i45,"Isales, Orlando",15,R,1975,PHI-min,,43,122,111,17,23,1,2,0,9,26,10,0,16,7,1,0.875,0.207,0.273,0.252,0.525,1,0,0,28,2,,7.6363636364,8.4231404959,918.0340983607,,,,,,,,,
i45,"Isales, Orlando",16,R,1976,PHI-min,,121,479,439,47,111,19,0,2,47,94,28,,57,9,6,0.6,0.253,0.303,0.31,0.613,1,5,6,136,,,40.4796573876,40.1420770878,,,,,,,,,,
i45,"Isales, Orlando",17,R,1977,PHI-min,,127,494,445,70,107,17,4,9,46,116,38,,45,27,8,0.771,0.24,0.3,0.357,0.658,8,2,1,159,,,47.7329192547,49.3114906832,,,,,,,,,,
i45,"Isales, Orlando",18,R,1978,PHI-min,,112,418,383,53,101,22,3,7,48,101,28,,54,9,5,0.643,0.264,0.313,0.392,0.705,3,3,1,150,,,47.0802919708,46.7489051095,,,,,,,,,,
i45,"Isales, Orlando",19,R,1979,PHI-min,,95,322,303,45,83,17,8,3,35,80,15,,54,9,3,0.75,0.274,0.305,0.413,0.718,1,3,0,125,,,38.5220125786,38.8215408805,,,,,,,,,,
i45,"Isales, Orlando",20,R,1980,PHI-min,,94,371,336,43,88,19,2,8,51,94,27,,48,14,6,0.7,0.262,0.313,0.402,0.715,4,4,0,135,,,42.7685950413,42.8493112948,,,,,,,,,,
i45,"Isales, Orlando",20,R,1980,PHI,RF,3,6,5,1,2,0,1,0,3,4,1,0,0,0,0,,0.4,0.5,0.8,1.3,0,0,0,4,0,251,2,2,12.78,0,0.1,1,0.1,0.517,0.5,0.1,0,1
i45,"Isales, Orlando",21,R,1981,PHI-min,,93,354,319,43,80,15,1,4,44,87,30,0,37,3,7,0.3,0.251,0.32,0.342,0.662,1,1,3,109,,,34.3553008596,32.656017192,,,,,,,,,,
i45,"Isales, Orlando",22,R,1982,CIN-min,,113,274,242,35,67,17,3,2,42,77,25,3,28,10,2,0.833,0.277,0.348,0.397,0.745,1,3,3,96,,,33.0786516854,34.2134831461,,,,,,,,,,
i45,"Isales, Orlando",23,R,1983,CIN-min,,113,436,390,38,106,18,4,6,61,99,35,2,63,3,2,0.6,0.272,0.329,0.385,0.714,5,5,1,150,,,49.7647058824,49.5984705882,,,,,,,,,,
i45,"Isales, Orlando",24,R,1984,ASC-min,,,,,,,,,,,,,,,,,,,,,,,,,,,,,,,,,,,,,,,
i45,"Isales, Orlando",26,R,1986,TAB-min,,,,,,,,,,,,,,,,,,,,,,,,,,,,,,,,,,,,,,,
i46,"Isbell, Frank",20,L,1896,STP-min,,,,,,,,,,,,,,,,,,,,,,,,,,,,,,,,,,,,,,,
i46,"Isbell, Frank",21,L,1897,STP-min,,50,195,191,44,68,6,4,3,,,,,,13,,,0.356,0.356,0.476,0.832,4,,,91,,,,,,,,,,,,,,
i46,"Isbell, Frank",22,L,1898,STP-min,,28,128,127,20,43,1,3,3,,,,,,6,,,0.339,0.339,0.465,0.803,1,,,59,,,,,,,,,,,,,,
i46,"Isbell, Frank",22,L,1898,CHC,OF,45,169,159,17,37,4,0,0,8,25,3,,13,3,,,0.233,0.252,0.258,0.509,6,,1,41,,46,10.1234567901,,,-15,-1.5,-9,-0.9,0.467,0.491,-0.7,-0.3,-7
i46,"Isbell, Frank",23,L,1899,STP-min,,,,,,,,,,,,,,,,,,,,,,,,,,,,,,,,,,,,,,,
i46,"Isbell, Frank",24,L,1900,CHI-min,,109,411,399,49,99,14,7,1,,,,,,22,,,0.248,0.248,0.326,0.574,12,,,130,,,,,,,,,,,,,,
i46,"Isbell, Frank",25,L,1901,CHW,1B,137,612,556,93,143,15,8,3,70,163,36,,37,52,,,0.257,0.311,0.329,0.64,13,,7,183,,79,55.3327702703,,,-3,-0.3,18,1.8,0.498,0.498,0.9,0.6,9
i46,"Isbell, Frank",26,L,1902,CHW,1B,137,555,515,62,130,14,4,4,59,121,14,,28,38,,,0.252,0.276,0.318,0.595,23,,3,164,,67,44.6427221172,,,-14,-1.5,5,0.4,0.489,0.491,-0.1,0.4,-2
i46,"Isbell, Frank",27,L,1903,CHW,1B,138,586,546,52,132,25,9,2,59,111,12,,65,26,,,0.242,0.266,0.332,0.597,22,,6,181,,82,46.7096774194,,,-9,-1.2,11,1.1,0.493,0.494,0.8,0,7
i46,"Isbell, Frank",28,L,1904,CHW,1B,96,351,314,27,66,10,3,1,34,61,16,,37,19,,,0.21,0.255,0.271,0.526,18,,3,85,,69,21.1212121212,,,-7,-1,6,0.4,0.491,0.495,0.1,0.1,3
i46,"Isbell, Frank",29,L,1905,CHW,2B,94,389,341,55,101,21,11,2,45,100,15,,28,15,,,0.296,0.335,0.44,0.775,28,,5,150,,149,48.8764044944,,,21,2.4,35,4,0.526,0.515,3.3,0.3,30
i46,"Isbell, Frank",30,L,1906,CHW,2B,143,617,549,71,153,18,11,0,57,128,30,,34,37,,,0.279,0.324,0.352,0.676,31,,7,193,,114,61,,,9,1.1,31,3.4,0.508,0.507,3.5,-0.1,32
i46,"Isbell, Frank",31,L,1907,CHW,2B,125,536,486,60,118,19,7,0,41,101,22,,36,22,,,0.243,0.281,0.311,0.592,24,,4,151,,91,41.6141732283,,,0,0,19,2,0.5,0.5,1.4,0.5,15
i46,"Isbell, Frank",32,L,1908,CHW,1B,84,360,320,31,79,15,3,1,49,80,19,,40,18,,,0.247,0.297,0.322,0.619,17,,4,103,,103,29.7758112094,,,2,0.3,15,1.6,0.504,0.502,1.2,0.1,12
i46,"Isbell, Frank",33,L,1909,CHW,1B,120,477,433,33,97,17,6,0,33,66,23,,34,23,,,0.224,0.265,0.291,0.556,20,,1,126,,78,33.1578947368,,,-7,-1,10,0.9,0.493,0.495,0.4,0.1,5
i46,"Isbell, Frank",34,L,1910,WCH-min,,77,263,263,,71,9,4,3,,,,,,,,,0.27,0.27,0.369,0.639,,,,97,,,,,,,,,,,,,,
i46,"Isbell, Frank",35,L,1911,WCH-min,,13,32,32,,7,1,0,0,,,,,,,,,0.219,0.219,0.25,0.469,,,,8,,,,,,,,,,,,,,
i46,"Isbell, Frank",36,L,1912,DMO-min,,41,63,63,,24,5,1,0,,,,,,,,,0.381,0.381,0.492,0.873,,,,31,,,,,,,,,,,,,,
i46,"Isbell, Frank",37,L,1913,DMO-min,,11,18,18,,1,0,0,0,,,,,,,,,0.056,0.056,0.056,0.111,,,,1,,,,,,,,,,,,,,
i48,"Ishikawa, Travis",18,L,2002,SFG-min,,42,173,156,24,46,6,3,2,27,51,12,1,42,8,1,0.889,0.295,0.355,0.41,0.765,1,1,3,64,3,,22.0952380952,23.2071428571,3855.5100578035,,,,,,,,,
i48,"Ishikawa, Travis",19,L,2003,SFG-min,,123,530,442,73,103,22,4,6,53,126,77,5,146,3,4,0.429,0.233,0.355,0.342,0.697,1,2,8,151,9,,52.3699421965,51.7657032755,30065.0058867925,,,,,,,,,
i48,"Ishikawa, Travis",20,L,2004,SFG-min,,113,484,414,69,105,26,2,16,64,133,55,2,126,10,5,0.667,0.254,0.356,0.442,0.798,1,2,12,183,9,,62.4307036247,62.2974413646,31584.2139669421,,,,,,,,,
i48,"Ishikawa, Travis",21,L,2005,SFG-min,,127,516,432,87,122,28,7,22,79,166,70,3,129,1,4,0.2,0.282,0.387,0.532,0.92,2,5,7,230,1,,87.96812749,86.3414342629,48352.5680620155,,,,,,,,,
i48,"Ishikawa, Travis",22,L,2006,SFG-min,,103,404,357,38,80,16,5,10,49,87,39,3,105,1,0,1,0.224,0.303,0.381,0.684,1,4,3,136,6,,40.8686868687,41.0339646465,16952.2477227723,,,,,,,,,
i48,"Ishikawa, Travis",22,L,2006,SFG,1B,12,25,24,1,7,3,1,0,4,5,1,0,6,0,0,,0.292,0.32,0.5,0.82,0,0,0,12,1,106,3.84,3.84,85.82,-2,-0.2,-1,-0.1,0.487,0.499,0,-0.1,0
i48,"Ishikawa, Travis",23,L,2007,SFG-min,,104,414,371,52,90,18,2,16,51,103,36,0,126,0,0,,0.243,0.319,0.431,0.75,0,1,6,160,5,,49.5331695332,49.5331695332,21706.8412560386,,,,,,,,,
i48,"Ishikawa, Travis",24,L,2008,SFG-min,,112,469,405,69,121,35,3,24,94,163,49,3,81,10,5,0.667,0.299,0.377,0.578,0.955,2,7,6,234,5,,87.6211453744,87.0429515419,41088.3410660981,,,,,,,,,
i48,"Ishikawa, Travis",24,L,2008,SFG,1B,33,104,95,12,26,6,0,3,15,27,9,1,27,1,0,1,0.274,0.337,0.432,0.768,0,0,0,41,1,99,13.7980769231,13.9831730769,1464.725,3,0.2,6,0.6,0.508,0.502,0.2,0.2,3
i48,"Ishikawa, Travis",25,L,2009,SFG,1B,120,363,326,49,85,10,2,9,39,88,30,3,89,2,2,0.5,0.261,0.329,0.387,0.715,1,2,4,126,7,87,40.702247191,40.3435393258,14746.6071625344,-2,-0.2,10,0.9,0.498,0.499,-0.2,0.5,0
i48,"Ishikawa, Travis",26,L,2010,SFG,1B,116,173,158,18,42,11,0,3,22,40,13,2,29,0,0,,0.266,0.32,0.392,0.712,1,1,0,62,3,94,19.9415204678,19.9415204678,3372.7260115607,-4,-0.5,1,0.1,0.496,0.497,-0.1,-0.1,0
i48,"Ishikawa, Travis",27,L,2011,SFG-min,,56,211,175,21,44,14,0,3,18,39,29,4,54,3,1,0.75,0.251,0.368,0.383,0.751,2,1,4,67,3,,23.9754901961,24.2294117647,5441.4347867299,,,,,,,,,
i48,"Ishikawa, Travis",28,L,2012,MIL-min,,6,21,18,1,4,3,0,0,5,6,3,0,2,0,0,,0.222,0.333,0.389,0.722,0,0,0,7,1,,2.3333333333,2.3333333333,46.68,,,,,,,,,
i48,"Ishikawa, Travis",28,L,2012,MIL,1B,94,174,152,19,39,12,1,4,30,49,13,3,42,0,0,,0.257,0.329,0.428,0.757,4,1,4,65,4,100,20.4848484848,20.4848484848,3569.2949425287,0,0,5,0.5,0.5,0.5,-0.1,0.4,0
i48,"Ishikawa, Travis",29,L,2013,BAL-CHW-min,,83,348,297,46,86,21,2,9,54,100,44,3,74,1,0,1,0.29,0.389,0.465,0.854,1,1,5,138,4,,52.6099706745,52.8196480938,19644.7644827586,,,,,,,,,
i48,"Ishikawa, Travis",29,L,2013,NYY,1B,7,20,19,0,2,0,0,0,1,1,1,0,10,0,0,,0.105,0.15,0.105,0.255,0,0,0,2,0,-28,0.3,0.3,6.78,-3,-0.4,-3,-0.3,0.424,0.497,-0.3,-0.1,-3
i48,"Ishikawa, Travis",30,L,2014,SFG-min,,71,272,240,34,65,9,0,11,45,79,24,1,62,0,0,,0.271,0.349,0.446,0.795,0,2,6,107,8,,36.071969697,36.071969697,9964.9838235294,,,,,,,,,
i48,"Ishikawa, Travis",30,L,2014,SFG,1B,62,119,107,9,27,4,1,3,18,27,9,1,34,0,0,,0.252,0.311,0.393,0.703,0,2,1,42,3,100,13.0344827586,13.0344827586,1507.5687394958,0,-0.1,2,0.2,0.497,0.499,0.2,-0.1,2
i48,"Ishikawa, Travis",31,L,2015,SFG-min,,5,20,18,2,6,1,0,0,0,2,2,0,3,0,0,,0.333,0.4,0.389,0.789,0,0,0,7,0,,2.8,2.8,60.16,,,,,,,,,
i50,"Ivie, Mike",17,R,1970,SDP-min,,56,227,198,29,51,10,0,3,25,54,22,,39,5,2,0.714,0.258,0.339,0.354,0.693,0,3,4,70,,,23.2272727273,23.4784090909,,,,,,,,,,
i50,"Ivie, Mike",18,R,1971,SDP-min,,102,423,367,69,112,22,2,15,62,131,41,,93,0,1,0,0.305,0.384,0.499,0.883,1,5,9,183,,,68.625,68.1764705882,,,,,,,,,,
i50,"Ivie, Mike",18,R,1971,SDP,C,6,19,17,0,8,0,0,0,3,3,1,1,1,0,0,,0.471,0.526,0.471,0.997,0,0,1,8,3,194,4,4,57.82,0,0,1,0.1,0.506,0.5,0.2,-0.1,2
i50,"Ivie, Mike",19,R,1972,SDP-min,,133,522,461,81,134,23,1,24,77,158,47,,84,3,3,0.5,0.291,0.37,0.501,0.872,1,1,12,231,,,82.3051181102,81.5190944882,,,,,,,,,,
i50,"Ivie, Mike",20,R,1973,SDP-min,,59,241,226,33,61,8,3,5,21,54,11,,28,1,1,0.5,0.27,0.303,0.398,0.701,0,3,1,90,,,27.3417721519,27.1267932489,,,,,,,,,,
i50,"Ivie, Mike",21,R,1974,SDP-min,,108,434,397,57,116,16,1,18,68,125,29,,51,1,0,1,0.292,0.341,0.474,0.815,0,5,3,188,,,63.9906103286,64.1778169014,,,,,,,,,,
i50,"Ivie, Mike",21,R,1974,SDP,1B,12,36,34,1,3,0,0,1,3,4,2,0,8,0,0,,0.088,0.139,0.176,0.315,0,0,0,6,0,-10,0.8333333333,0.8333333333,32.6,-6,-0.6,-4,-0.5,0.448,0.496,-0.4,-0.2,-3
i50,"Ivie, Mike",22,R,1975,SDP,1B,111,411,377,36,94,16,2,8,46,82,20,2,63,4,4,0.5,0.249,0.291,0.366,0.657,5,5,4,138,12,87,39.6272040302,38.8463476071,14659.4577128954,-16,-1.8,-3,-0.5,0.484,0.489,-0.2,-0.7,1
i50,"Ivie, Mike",23,R,1976,SDP,1B,140,446,405,51,118,19,5,7,70,121,30,8,41,6,6,0.5,0.291,0.345,0.415,0.759,2,4,5,168,10,123,57.1586206897,55.9186206897,23977.7539910314,5,0.6,20,2,0.504,0.504,1.7,-0.5,18
i50,"Ivie, Mike",24,R,1977,SDP,1B,134,535,489,66,133,29,2,9,66,132,39,4,57,3,2,0.6,0.272,0.326,0.395,0.721,1,4,2,193,6,103,62.8712121212,62.6714015152,33634.9277757009,-4,-0.5,13,1.2,0.497,0.497,1.6,-1.1,18
i50,"Ivie, Mike",25,R,1978,SFG,1B,117,352,318,34,98,14,3,11,55,89,27,6,45,3,0,1,0.308,0.363,0.475,0.838,2,3,2,151,6,137,54.7101449275,55.3079710145,18994.5918181818,13,1.4,24,2.5,0.512,0.509,2.3,-0.4,23
i50,"Ivie, Mike",26,R,1979,SFG,1B,133,455,402,58,115,18,3,27,89,147,47,7,80,5,1,0.833,0.286,0.359,0.547,0.906,0,4,1,220,10,152,79.3763919822,79.8724944321,35060.33030837,13,1.4,27,2.8,0.51,0.508,3.5,-1.4,34
i50,"Ivie, Mike",27,R,1980,SFG,1B,79,306,286,21,69,16,1,4,25,46,19,2,40,1,2,0.333,0.241,0.288,0.346,0.634,0,1,0,99,7,79,28.5639344262,28.0698360656,8170.1833986928,-11,-1.3,0,-0.2,0.485,0.493,-0.4,-0.3,-2
i50,"Ivie, Mike",28,R,1981,HOU,1B,26,63,59,3,15,5,0,0,9,12,2,0,12,0,1,0,0.254,0.27,0.339,0.609,0,2,0,20,0,76,5.5737704918,5.2459016393,328.3365079365,-1,-0.2,0,0,0.494,0.499,-0.1,0.1,-1
i50,"Ivie, Mike",29,R,1982,DET,DH,87,295,265,35,62,12,1,14,38,73,25,3,51,0,0,,0.234,0.302,0.445,0.747,0,3,2,118,5,103,35.4,35.4,10436.1652881356,-8,-0.9,0,-0.1,0.489,0.494,0,-0.7,1
i50,"Ivie, Mike",30,R,1983,DET,1B,12,45,42,4,9,4,0,0,7,11,2,1,4,0,0,,0.214,0.244,0.31,0.554,0,1,0,13,2,54,3.25,3.25,119.3515555556,-4,-0.4,-2,-0.2,0.469,0.498,-0.2,-0.1,-1
i52,"Iwamura, Akinori",19,L,1998,None-min,,1,3,3,0,0,0,0,0,0,0,0,0,2,0,0,,0,0,0,0,0,0,0,0,0,,0,0,0,,,,,,,,,
i52,"Iwamura, Akinori",20,L,1999,None-min,,83,273,252,28,74,11,4,11,35,63,18,2,46,7,1,0.875,0.294,0.341,0.5,0.841,0,2,1,126,2,,42.9333333333,43.7642592593,11737.8171428571,,,,,,,,,
i52,"Iwamura, Akinori",21,L,2000,None-min,,130,489,436,67,121,13,9,18,66,133,39,3,103,13,1,0.929,0.278,0.342,0.472,0.814,9,1,4,206,7,,69.3894736842,71.3491578947,33758.4244580777,,,,,,,,,
i52,"Iwamura, Akinori",22,L,2001,None-min,,136,564,520,79,149,24,4,18,81,160,32,5,111,15,6,0.714,0.287,0.329,0.452,0.781,5,4,3,235,6,,77.0561594203,77.1173007246,41761.6221276596,,,,,,,,,
i52,"Iwamura, Akinori",23,L,2002,None-min,,140,577,510,67,163,35,2,23,71,138,58,6,114,5,4,0.556,0.32,0.39,0.531,0.921,2,4,3,271,10,,105.4419014085,104.5840669014,59913.0099133449,,,,,,,,,
i52,"Iwamura, Akinori",24,L,2003,None-min,,60,258,232,43,61,6,2,12,35,78,22,3,55,5,1,0.833,0.263,0.328,0.461,0.789,2,1,1,107,3,,34.9645669291,35.4311023622,8976.016124031,,,,,,,,,
i52,"Iwamura, Akinori",25,L,2004,None-min,,138,611,533,99,160,19,0,44,103,202,70,3,173,8,3,0.727,0.3,0.383,0.583,0.966,0,4,4,311,5,,118.6235489221,118.7326699834,74457.970212766,,,,,,,,,
i52,"Iwamura, Akinori",26,L,2005,None-min,,144,618,548,83,175,31,4,30,102,185,63,2,146,6,3,0.667,0.319,0.388,0.555,0.943,0,5,2,304,2,,118.4157119476,118.1923076923,75289.3092556634,,,,,,,,,
i52,"Iwamura, Akinori",27,L,2006,None-min,,145,621,546,84,170,27,2,32,77,161,70,5,128,8,1,0.889,0.311,0.389,0.544,0.933,1,3,1,297,5,,115.7142857143,116.9392857143,73827.6100483092,,,,,,,,,
i52,"Iwamura, Akinori",28,L,2007,TBD,3B,123,559,491,82,140,21,10,7,34,116,58,0,114,12,8,0.6,0.285,0.359,0.411,0.77,4,5,1,202,2,105,72.8524590164,72.1930783242,41077.2795348837,2,0.3,22,2.2,0.502,0.501,2.8,-0.3,28
i52,"Iwamura, Akinori",29,L,2008,TBR,2B,152,707,627,91,172,30,9,6,48,139,70,3,131,8,6,0.571,0.274,0.349,0.38,0.729,3,3,4,238,2,93,82.6341463415,82.07517934,61037.4902970297,5,0.8,29,3.1,0.504,0.503,2.8,0.7,27
i52,"Iwamura, Akinori",30,L,2009,TBR-min,,11,42,33,9,10,3,0,0,2,11,9,0,7,0,0,,0.303,0.452,0.394,0.846,0,0,0,13,3,,5.880952381,5.880952381,245.44,,,,,,,,,
i52,"Iwamura, Akinori",30,L,2009,TBR,2B,69,260,231,28,67,16,2,1,22,50,24,0,44,9,1,0.9,0.29,0.355,0.39,0.745,1,3,1,90,1,98,32.1176470588,33.5117647059,8685.026,3,0.4,13,1.3,0.505,0.502,1.4,0.1,14
i52,"Iwamura, Akinori",31,L,2010,PIT-min,,50,203,163,26,43,10,1,3,16,42,38,1,32,0,2,0,0.264,0.404,0.393,0.797,0,1,1,64,1,,25.7910447761,25.1542288557,5836.5225615764,,,,,,,,,
i52,"Iwamura, Akinori",31,L,2010,OAK,2B,64,229,196,21,34,7,1,2,13,34,31,0,41,3,1,0.75,0.173,0.285,0.25,0.535,1,1,0,49,4,48,14.0308370044,14.2801762115,3423.6113537118,-19,-2,-14,-1.5,0.457,0.488,-0.3,-1,-3
i52,"Iwamura, Akinori",32,L,2011,None-min,,77,197,175,9,32,6,0,0,9,18,17,0,41,0,0,,0.183,0.258,0.217,0.475,3,1,1,38,6,,9.6979166667,9.6979166667,1877.9305583756,,,,,,,,,
i52,"Iwamura, Akinori",33,L,2012,None-min,,26,79,67,9,14,6,0,1,5,14,11,0,10,0,0,,0.209,0.316,0.343,0.66,0,1,0,23,0,,7.3717948718,7.3717948718,646.5065822785,,,,,,,,,
i52,"Iwamura, Akinori",34,L,2013,None-min,,75,159,142,11,35,4,0,3,17,28,15,0,48,0,0,,0.246,0.314,0.338,0.652,0,2,0,48,0,,15.2866242038,15.2866242038,2595.0065408805,,,,,,,,,
i52,"Iwamura, Akinori",35,L,2014,None-min,,39,79,74,7,18,6,0,1,14,21,4,0,21,0,0,,0.243,0.291,0.365,0.656,0,0,1,27,1,,7.6153846154,7.6153846154,622.6,,,,,,,,,
i53,"Izquierdo, Hank",20,R,1951,GAL-min,,92,246,246,,49,7,0,3,,,,,,,,,0.199,0.199,0.264,0.463,,,,65,,,,,,,,,,,,,,
i53,"Izquierdo, Hank",21,R,1952,GAL-min,,139,503,465,68,124,23,4,6,48,116,26,,75,4,,,0.267,0.311,0.372,0.683,8,,4,173,,,52.8513238289,,,,,,,,,,,
i53,"Izquierdo, Hank",22,R,1953,GAL-min,,137,544,544,,152,39,2,7,,,,,,,,,0.279,0.279,0.397,0.676,,,,216,,,,,,,,,,,,,,
i53,"Izquierdo, Hank",23,R,1954,WSM-min,,139,631,575,83,154,33,8,3,42,125,43,,68,15,,,0.268,0.323,0.369,0.691,8,1,4,212,,,67.5792880259,,,,,,,,,,,
i53,"Izquierdo, Hank",24,R,1955,CLE-min,,119,483,483,,146,29,5,7,,,,,,,,,0.302,0.302,0.427,0.729,,,,206,,,,,,,,,,,,,,
i53,"Izquierdo, Hank",25,R,1956,BAL-CLE-min,,117,355,333,19,76,10,1,5,18,37,14,,20,0,2,0,0.228,0.262,0.309,0.571,4,2,2,103,1,,26.7146974063,26.121037464,,,,,,,,,,
i53,"Izquierdo, Hank",26,R,1957,CIN-min,,115,333,301,16,46,6,0,0,20,36,23,,43,2,,,0.153,0.215,0.173,0.387,7,1,1,52,,,11.0740740741,,,,,,,,,,,
i53,"Izquierdo, Hank",27,R,1958,CIN-min,,121,362,331,20,65,7,4,1,17,37,19,2,49,2,,,0.196,0.244,0.251,0.494,5,4,3,83,,,19.92,,,,,,,,,,,
i53,"Izquierdo, Hank",28,R,1959,CIN-min,,59,180,170,12,37,4,1,1,7,19,6,3,30,0,,,0.218,0.253,0.271,0.523,2,0,2,46,,,11.2386363636,,,,,,,,,,,
i53,"Izquierdo, Hank",29,R,1960,CIN-min,,57,135,118,11,22,6,0,1,10,21,12,,14,0,0,,0.186,0.263,0.263,0.526,2,2,1,31,,,8.1076923077,8.1076923077,,,,,,,,,,
i53,"Izquierdo, Hank",30,R,1961,CIN-min,,32,85,78,6,20,3,1,0,6,12,4,0,9,1,,,0.256,0.301,0.321,0.622,2,0,1,25,,,7.3170731707,,,,,,,,,,,
i53,"Izquierdo, Hank",32,R,1963,MIN-min,,115,499,428,58,127,19,5,1,42,100,60,,39,11,6,0.647,0.297,0.387,0.371,0.758,5,2,4,159,,,60.9282786885,61.2173155738,,,,,,,,,,
i53,"Izquierdo, Hank",33,R,1964,MIN-min,,92,285,248,23,62,5,1,2,17,40,29,,30,0,1,0,0.25,0.336,0.302,0.638,5,0,3,75,,,24.6389891697,24.3682310469,,,,,,,,,,
i53,"Izquierdo, Hank",34,R,1965,MIN-min,,102,333,299,28,81,10,1,1,30,58,23,,51,1,2,0.333,0.271,0.325,0.321,0.646,7,2,2,96,,,31.0062111801,30.5841614907,,,,,,,,,,
i53,"Izquierdo, Hank",35,R,1966,MIN-min,,91,314,287,24,65,12,2,0,33,57,20,,35,1,0,1,0.226,0.286,0.282,0.568,3,0,4,81,,,22.4267100977,22.578990228,,,,,,,,,,
i53,"Izquierdo, Hank",36,R,1967,MIN-min,,115,388,357,38,107,15,3,1,39,77,19,,38,0,3,0,0.3,0.338,0.367,0.705,6,3,3,131,,,43.8989361702,42.8537234043,,,,,,,,,,
i53,"Izquierdo, Hank",36,R,1967,MIN,C,16,28,26,4,7,2,0,0,2,6,1,0,2,0,0,,0.269,0.296,0.346,0.642,1,0,0,9,0,83,2.6666666667,2.6666666667,74.0985714286,0,0,1,0.1,0.498,0.5,0.2,-0.1,2
i53,"Izquierdo, Hank",37,R,1968,HOU-min,,96,289,267,27,68,10,0,0,17,44,15,,25,0,2,0,0.255,0.293,0.292,0.585,6,1,0,78,,,22.9574468085,22.4042553191,,,,,,,,,,
i53,"Izquierdo, Hank",38,R,1969,HOU-min,,35,122,115,11,30,2,0,0,12,23,5,,11,0,1,0,0.261,0.292,0.278,0.57,2,0,0,32,,,9.3333333333,9.0666666667,,,,,,,,,,
i53,"Izquierdo, Hank",39,R,1970,VCZ-min,,,,,,,,,,,,,,,,,,,,,,,,,,,,,,,,,,,,,,,
i53,"Izquierdo, Hank",40,R,1971,VCZ-min,,,,,,,,,,,,,,,,,,,,,,,,,,,,,,,,,,,,,,,
i53,"Izquierdo, Hank",41,R,1972,YUC-min,,,,,,,,,,,,,,,,,,,,,,,,,,,,,,,,,,,,,,,
i53,"Izquierdo, Hank",42,R,1973,YUC-min,,,,,,,,,,,,,,,,,,,,,,,,,,,,,,,,,,,,,,,
i53,"Izquierdo, Hank",43,R,1974,VCZ-min,,,,,,,,,,,,,,,,,,,,,,,,,,,,,,,,,,,,,,,
i55,"Izturis, César",17,B,1997,TOR-min,,70,257,231,32,44,3,0,1,11,43,15,0,27,6,3,0.667,0.19,0.241,0.216,0.457,8,2,1,50,3,,11.9918699187,12.1333333333,2924.6723735409,,,,,,,,,
i55,"Izturis, César",18,B,1998,TOR-min,,130,446,413,56,108,13,1,1,38,94,20,0,43,20,9,0.69,0.262,0.297,0.305,0.603,9,2,2,126,5,,37.247113164,37.6512702079,15279.5561434978,,,,,,,,,
i55,"Izturis, César",19,B,1999,TOR-min,,131,590,536,77,165,28,12,3,77,154,22,4,58,32,16,0.667,0.308,0.337,0.422,0.758,17,9,6,226,9,,75.7383512545,74.6516129032,39016.3711186441,,,,,,,,,
i55,"Izturis, César",20,B,2000,TOR-min,,132,471,435,54,95,16,5,0,27,81,20,0,44,21,11,0.656,0.218,0.253,0.278,0.531,13,2,1,121,5,,30.5824175824,30.2971428571,12646.0397452229,,,,,,,,,
i55,"Izturis, César",21,B,2001,TOR-min,,87,362,342,32,100,16,3,2,35,67,10,0,22,24,9,0.727,0.292,0.31,0.374,0.684,4,5,1,128,4,,40,40.5147727273,12824.3274033149,,,,,,,,,
i55,"Izturis, César",21,B,2001,TOR,2B,46,140,134,19,36,6,2,2,9,28,2,0,15,8,1,0.889,0.269,0.279,0.388,0.667,4,0,0,52,0,73,14.5294117647,15.3441176471,1943.2845714286,-2,-0.2,3,0.3,0.496,0.499,0.4,0.1,4
i55,"Izturis, César",22,B,2002,LAD,SS,135,468,439,43,102,24,2,1,31,74,14,1,39,7,7,0.5,0.232,0.253,0.303,0.556,10,5,0,133,12,51,34.0573951435,32.9285871965,13228.8844444444,-21,-2.3,-7,-0.9,0.483,0.486,-1,0.7,-8
i55,"Izturis, César",23,B,2003,LAD,SS,158,593,558,47,140,21,6,1,40,87,25,8,70,10,5,0.667,0.251,0.282,0.315,0.597,7,3,0,176,8,60,49.8113207547,49.8113207547,27423.8575379427,-14,-1.6,4,0.2,0.491,0.491,-0.6,1.5,-4
i55,"Izturis, César",24,B,2004,LAD,SS,159,728,670,90,193,32,9,4,62,152,43,2,70,25,9,0.735,0.288,0.33,0.381,0.71,12,3,0,255,6,88,84.4039270687,85.5627629734,58710.8885714286,18,1.7,39,3.8,0.512,0.511,2.3,2.2,24
i55,"Izturis, César",25,B,2005,LAD,SS,106,478,444,48,114,19,2,2,31,79,25,1,51,8,8,0.5,0.257,0.302,0.322,0.624,4,1,4,143,11,66,42.381663113,41.1714285714,18634.7341422594,-14,-1.6,0,-0.2,0.486,0.491,-0.6,0.9,-4
i55,"Izturis, César",26,B,2006,LAD-min,,15,70,59,9,16,3,0,0,3,12,10,0,3,0,0,,0.271,0.371,0.322,0.693,0,1,0,19,1,,7.1594202899,7.1594202899,540.0074285714,,,,,,,,,
i55,"Izturis, César",26,B,2006,CHC,3B,54,208,192,14,47,9,1,1,18,32,12,3,14,1,4,0.2,0.245,0.295,0.318,0.612,1,1,2,61,4,57,17.6421568627,16.5943627451,3384.5875,-1,-0.2,2,0.2,0.489,0.499,-0.1,0.4,-1
i55,"Izturis, César",27,B,2007,LRA-min,,16,67,63,8,21,3,1,0,4,12,2,0,6,2,0,1,0.333,0.348,0.413,0.761,1,1,0,26,1,,9.2,9.5892307692,583.4710447761,,,,,,,,,
i55,"Izturis, César",27,B,2007,PIT,SS,110,337,314,31,81,14,2,0,16,47,19,2,19,3,3,0.5,0.258,0.302,0.315,0.618,3,0,1,99,7,59,29.7297297297,29.3184684685,9434.8892581602,-6,-0.6,1,-0.1,0.49,0.497,0,0.1,1
i55,"Izturis, César",28,B,2008,LRA-min,,16,73,65,9,19,3,1,0,3,12,7,0,4,5,0,1,0.292,0.37,0.369,0.739,0,0,1,24,2,,8.6666666667,9.6597222222,652.0356164384,,,,,,,,,
i55,"Izturis, César",28,B,2008,STL,SS,135,454,414,50,109,10,3,1,24,74,29,1,26,24,6,0.8,0.263,0.319,0.309,0.628,3,2,6,128,6,68,39.8735891648,42.0731376975,18062.913215859,5,0.3,19,1.7,0.503,0.503,0.5,1.8,7
i55,"Izturis, César",29,B,2009,BAL-min,,2,7,6,2,2,0,0,0,0,2,0,0,0,1,0,1,0.333,0.429,0.333,0.762,0,0,1,2,0,,0.6666666667,0.85,6.8542857143,,,,,,,,,
i55,"Izturis, César",29,B,2009,BAL,SS,114,412,387,34,99,14,4,2,30,64,18,0,38,12,4,0.75,0.256,0.294,0.328,0.622,4,0,3,127,11,63,36.6888888889,37.2760493827,13908.3201941748,-2,-0.1,13,1.3,0.498,0.499,-0.1,2,-1
i55,"Izturis, César",30,B,2010,BAL,SS,150,513,473,42,109,13,1,1,28,70,25,1,53,11,5,0.688,0.23,0.277,0.268,0.545,7,2,6,127,11,51,34.1726907631,34.4647590361,16715.2202729045,-16,-1.6,3,0.3,0.489,0.489,-0.5,1.5,-4
i55,"Izturis, César",31,B,2011,BAL-min,,21,81,66,8,10,2,0,0,3,11,11,0,19,0,2,0,0.152,0.288,0.182,0.469,1,1,2,12,0,,3.2727272727,2.961038961,322.9928395062,,,,,,,,,
i55,"Izturis, César",31,B,2011,BAL,SS,18,33,30,4,6,0,0,0,1,5,2,0,10,0,0,,0.2,0.25,0.2,0.45,1,0,0,6,0,25,1.5,1.5,52.1757575758,0,0,1,0.1,0.498,0.5,-0.1,0.3,-1
i55,"Izturis, César",32,B,2012,MIL-min,,4,13,12,1,1,0,0,0,0,1,0,0,1,0,0,,0.083,0.083,0.083,0.167,1,0,0,1,0,,0.0833333333,0.0833333333,1.04,,,,,,,,,
i55,"Izturis, César",32,B,2012,WSN,SS,62,173,166,13,40,7,2,2,11,24,3,0,13,1,1,0.5,0.241,0.254,0.343,0.598,4,0,0,57,7,58,14.5029585799,14.3023668639,2022.3150289017,-9,-1,-5,-0.6,0.483,0.493,-0.6,0.3,-6
i55,"Izturis, César",33,B,2013,CIN,SS,63,142,129,6,27,8,0,0,11,17,9,2,13,0,0,,0.209,0.259,0.271,0.53,3,1,0,35,5,47,9.1304347826,9.1304347826,1141.4346478873,0,-0.1,5,0.4,0.5,0.5,-0.4,1,-2
i56,"Izturis, Maicer",17,B,1998,CLE-min,,55,236,217,33,63,8,2,2,33,66,17,0,32,16,6,0.727,0.29,0.342,0.373,0.715,2,0,0,81,4,,27.6923076923,28.3982905983,5979.439661017,,,,,,,,,
i56,"Izturis, Maicer",18,B,1999,CLE-min,,57,245,220,46,66,5,3,4,23,69,20,0,28,14,2,0.875,0.3,0.357,0.405,0.761,1,3,1,89,2,,31.8916666667,33.845,7840.2182040816,,,,,,,,,
i56,"Izturis, Maicer",19,B,2000,CLE-min,,10,32,29,4,8,1,0,0,1,5,3,0,3,0,0,,0.276,0.344,0.31,0.654,0,0,0,9,1,,3.09375,3.09375,97.8,,,,,,,,,
i56,"Izturis, Maicer",20,B,2001,CLE-min,,114,486,433,47,104,16,6,1,39,86,31,1,81,32,9,0.78,0.24,0.3,0.312,0.612,10,4,8,135,8,,39.2780172414,41.4387931034,18254.929218107,,,,,,,,,
i56,"Izturis, Maicer",21,B,2002,CLE-min,,125,543,486,62,131,25,8,1,62,124,41,0,54,32,10,0.762,0.27,0.329,0.36,0.689,8,4,4,175,12,,57.1157495256,59.205313093,28751.8421362799,,,,,,,,,
i56,"Izturis, Maicer",22,B,2003,CLE-min,,138,588,519,74,140,27,9,3,49,123,48,1,51,28,12,0.7,0.27,0.332,0.374,0.705,15,4,2,194,18,,64.3245149912,64.9989417989,33078.4415646258,,,,,,,,,
i56,"Izturis, Maicer",23,B,2004,MON-min,,99,443,376,65,127,19,2,3,36,101,57,1,30,14,12,0.538,0.338,0.428,0.423,0.851,4,2,4,159,12,,67.5658198614,66.2180138568,28634.423476298,,,,,,,,,
i56,"Izturis, Maicer",23,B,2004,MON,SS,32,121,107,10,22,5,2,1,4,14,10,1,20,4,0,1,0.206,0.286,0.318,0.603,2,0,2,34,1,54,9.2991452991,9.9008547009,1216.405785124,-8,-0.8,-4,-0.5,0.475,0.495,-0.2,-0.2,-1
i56,"Izturis, Maicer",24,B,2005,LAA-min,,10,39,31,10,14,4,0,0,2,12,7,0,4,4,2,0.667,0.452,0.553,0.581,1.133,1,0,0,18,2,,9.9473684211,10.1,337.0066666667,,,,,,,,,
i56,"Izturis, Maicer",24,B,2005,LAA,3B,77,210,191,18,47,8,4,1,15,33,17,2,21,9,3,0.75,0.246,0.306,0.346,0.652,1,1,0,66,5,75,20.3076923077,20.8074519231,3914.4272380952,-5,-0.5,3,0.3,0.494,0.497,0.4,0.2,4
i56,"Izturis, Maicer",25,B,2006,LAA-min,,44,189,165,23,51,10,1,2,19,42,18,0,17,5,0,1,0.309,0.378,0.418,0.796,1,3,2,69,3,,26.0163934426,27.0532786885,5045.6247619048,,,,,,,,,
i56,"Izturis, Maicer",25,B,2006,LAA,3B,104,399,352,64,103,21,3,5,44,108,38,1,35,14,6,0.7,0.293,0.365,0.412,0.777,5,1,3,145,7,102,52.4230769231,52.8576923077,20357.4260651629,3,0.4,18,1.8,0.503,0.502,2.2,-0.2,22
i56,"Izturis, Maicer",26,B,2007,LAA-min,,12,49,39,8,13,2,0,0,3,11,9,1,5,0,2,0,0.333,0.449,0.385,0.834,0,1,0,15,0,,6.875,6.25,341.6106122449,,,,,,,,,
i56,"Izturis, Maicer",26,B,2007,LAA,3B,102,374,336,47,97,17,2,6,51,98,33,2,39,7,1,0.875,0.289,0.349,0.405,0.753,1,4,0,136,4,98,47.9132791328,48.8906504065,18007.516684492,2,0.3,16,1.6,0.502,0.501,1.5,0.3,15
i56,"Izturis, Maicer",27,B,2008,LAA-min,,19,62,55,6,19,3,0,0,10,16,4,0,6,3,1,0.75,0.345,0.4,0.4,0.8,2,0,1,22,2,,8.5762711864,8.8186440678,489.3419354839,,,,,,,,,
i56,"Izturis, Maicer",27,B,2008,LAA,SS,79,321,290,44,78,14,2,3,37,81,26,0,27,11,2,0.846,0.269,0.329,0.362,0.691,2,2,1,105,9,82,34.5569620253,35.8452531646,10529.9042990654,4,0.5,16,1.7,0.506,0.503,1.1,0.9,11
i56,"Izturis, Maicer",28,B,2009,LAA,2B,114,437,387,74,116,22,3,8,65,139,35,2,41,13,5,0.722,0.3,0.359,0.434,0.794,3,7,5,168,7,109,60.1137440758,60.5969194313,25614.7473684211,21,2.1,37,3.7,0.518,0.513,3.1,0.9,31
i56,"Izturis, Maicer",29,B,2010,LAA-min,,21,86,76,8,17,2,0,1,5,13,7,0,8,2,2,0.5,0.224,0.298,0.289,0.587,2,0,1,22,1,,6.3614457831,6.1228915663,529.7841860465,,,,,,,,,
i56,"Izturis, Maicer",29,B,2010,LAA,3B,61,238,212,27,53,13,1,3,27,54,21,0,27,7,3,0.7,0.25,0.321,0.363,0.684,1,2,2,77,1,90,24.4549356223,24.636695279,5974.5818487395,4,0.5,13,1.4,0.507,0.503,0.8,0.7,8
i56,"Izturis, Maicer",30,B,2011,LAA,2B,122,494,449,51,124,35,0,5,38,89,33,3,65,9,6,0.6,0.276,0.334,0.388,0.722,0,4,8,174,6,105,56.6763485477,56.0610995851,28133.6536842105,-1,-0.1,17,1.7,0.499,0.499,2,-0.1,20
i56,"Izturis, Maicer",31,B,2012,LAA,3B,100,319,289,35,74,11,0,2,20,55,25,0,38,17,2,0.895,0.256,0.32,0.315,0.634,3,0,2,91,10,81,28.6910828025,30.9998407643,8723.8126018809,-9,-0.9,3,0.2,0.491,0.494,1.1,-0.6,11
i56,"Izturis, Maicer",32,B,2013,TOR,2B,107,399,365,33,86,12,0,5,32,65,27,0,38,1,5,0.167,0.236,0.288,0.31,0.597,3,3,1,113,11,65,32.5739795918,31.2841836735,11787.449122807,-22,-2.2,-8,-0.9,0.477,0.485,0,-0.5,1
i56,"Izturis, Maicer",33,B,2014,TOR,2B,11,38,35,3,10,1,0,0,1,4,2,0,4,1,0,1,0.286,0.324,0.314,0.639,1,0,0,11,0,82,3.5675675676,3.7459459459,138.2673684211,1,0.1,2,0.2,0.507,0.5,0.1,0.2,1
