,G,HR,IP,CG,L,SV,R,SO,ERA,W,H,ShO,TBB,ER,LABEL
0,298.0,35.0,306.1,0.0,17.0,69.0,152.0,305.0,4.23,15.0,271.0,69.0,169.0,144.0,0
0,448.0,89.0,1109.1,22.0,60.0,82.0,503.0,641.0,3.8,66.0,1085.0,82.0,457.0,468.0,0
0,203.0,22.0,185.2,0.0,19.0,0.0,79.0,151.0,3.64,3.0,182.0,0.0,60.0,75.0,0
0,79.0,18.0,568.0,52.0,40.0,1.0,442.0,161.0,4.52,22.0,686.0,1.0,192.0,285.0,0
0,248.0,162.0,1286.0,37.0,83.0,0.0,707.0,484.0,4.39,62.0,1405.0,0.0,352.0,627.0,0
0,263.0,154.0,1674.0,31.0,108.0,0.0,880.0,888.0,4.25,87.0,1779.0,0.0,620.0,791.0,0
0,57.0,26.0,185.1,0.0,17.0,0.0,112.0,124.0,5.2,4.0,207.0,0.0,79.0,107.0,0
0,162.0,101.0,720.2,1.0,37.0,0.0,421.0,496.0,4.92,43.0,682.0,0.0,393.0,394.0,0
0,168.0,29.0,389.1,7.0,25.0,14.0,205.0,169.0,4.19,24.0,398.0,14.0,160.0,181.0,0
0,1.0,1.0,2.0,0.0,0.0,1.0,3.0,0.0,13.5,0.0,4.0,1.0,1.0,3.0,0
0,7.0,0.0,20.1,1.0,3.0,0.0,26.0,13.0,11.19,0.0,31.0,0.0,17.0,25.0,0
0,681.0,70.0,1148.1,7.0,69.0,149.0,513.0,765.0,3.46,63.0,1010.0,149.0,592.0,441.0,0
0,16.0,6.0,42.0,0.0,1.0,1.0,19.0,6.0,3.64,1.0,36.0,1.0,11.0,17.0,0
0,14.0,2.0,71.1,4.0,5.0,0.0,51.0,41.0,4.05,1.0,79.0,0.0,30.0,32.0,0
0,3.0,0.0,4.2,0.0,0.0,0.0,5.0,1.0,10.71,0.0,10.0,0.0,3.0,5.0,0
0,6.0,3.0,24.0,0.0,1.0,0.0,18.0,13.0,6.38,1.0,32.0,0.0,12.0,17.0,0
0,7.0,1.0,6.2,0.0,0.0,0.0,2.0,12.0,2.9,0.0,6.0,0.0,3.0,2.0,0
0,38.0,10.0,44.1,0.0,1.0,0.0,39.0,38.0,7.35,0.0,57.0,0.0,19.0,36.0,0
0,262.0,24.0,284.2,0.0,20.0,38.0,143.0,205.0,4.31,10.0,288.0,38.0,111.0,136.0,0
0,104.0,71.0,368.1,1.0,25.0,1.0,246.0,253.0,5.75,18.0,420.0,1.0,113.0,235.0,0
0,367.0,72.0,570.0,0.0,40.0,53.0,316.0,350.0,4.33,28.0,597.0,53.0,226.0,274.0,0
0,204.0,48.0,380.1,0.0,16.0,29.0,172.0,282.0,3.84,31.0,333.0,29.0,129.0,162.0,0
0,7.0,2.0,11.0,0.0,0.0,0.0,7.0,5.0,3.27,1.0,14.0,0.0,3.0,4.0,0
0,467.0,82.0,904.1,0.0,49.0,30.0,447.0,482.0,3.97,33.0,918.0,30.0,329.0,399.0,0
0,153.0,43.0,380.1,5.0,13.0,8.0,181.0,256.0,4.12,19.0,365.0,8.0,150.0,174.0,0
0,5.0,4.0,19.1,0.0,0.0,0.0,10.0,17.0,4.24,1.0,17.0,0.0,11.0,9.0,0
0,107.0,15.0,186.0,0.0,9.0,27.0,65.0,109.0,2.66,13.0,143.0,27.0,77.0,55.0,0
0,57.0,12.0,137.2,3.0,9.0,1.0,71.0,70.0,4.07,6.0,153.0,1.0,39.0,62.0,0
0,55.0,9.0,213.1,6.0,10.0,4.0,119.0,45.0,4.52,10.0,265.0,4.0,68.0,107.0,0
0,233.0,30.0,248.0,0.0,13.0,9.0,122.0,219.0,3.99,13.0,234.0,9.0,117.0,110.0,0
0,114.0,16.0,127.0,0.0,6.0,2.0,75.0,98.0,5.17,9.0,135.0,2.0,68.0,73.0,0
0,302.0,26.0,552.2,2.0,33.0,49.0,247.0,171.0,3.47,41.0,541.0,49.0,224.0,213.0,0
0,8.0,2.0,11.2,0.0,0.0,0.0,8.0,5.0,6.43,0.0,11.0,0.0,3.0,8.0,0
0,482.0,67.0,2995.1,205.0,140.0,16.0,1133.0,1036.0,2.76,194.0,2841.0,16.0,430.0,917.0,1
0,5.0,0.0,12.0,0.0,1.0,0.0,11.0,5.0,5.25,0.0,21.0,0.0,3.0,7.0,0
0,47.0,5.0,171.0,6.0,11.0,3.0,87.0,54.0,3.74,4.0,182.0,3.0,65.0,71.0,0
0,30.0,6.0,115.0,3.0,9.0,0.0,72.0,62.0,5.01,1.0,119.0,0.0,48.0,64.0,0
0,408.0,33.0,407.1,0.0,20.0,4.0,122.0,409.0,2.41,21.0,316.0,4.0,126.0,109.0,0
0,8.0,1.0,12.0,0.0,1.0,0.0,12.0,8.0,8.25,0.0,18.0,0.0,7.0,11.0,0
0,11.0,1.0,62.2,3.0,5.0,0.0,30.0,25.0,3.62,2.0,63.0,0.0,24.0,25.0,0
0,39.0,6.0,57.1,0.0,3.0,0.0,27.0,39.0,3.94,2.0,48.0,0.0,31.0,25.0,0
0,112.0,38.0,592.0,34.0,45.0,1.0,376.0,231.0,4.93,30.0,657.0,1.0,220.0,324.0,0
0,145.0,87.0,525.1,1.0,29.0,0.0,313.0,360.0,5.23,31.0,574.0,0.0,238.0,305.0,0
0,47.0,5.0,244.1,13.0,18.0,2.0,124.0,76.0,3.61,9.0,263.0,2.0,92.0,98.0,0
0,73.0,12.0,172.2,0.0,6.0,0.0,104.0,77.0,4.44,8.0,190.0,0.0,75.0,85.0,0
0,51.0,41.0,216.0,1.0,13.0,0.0,141.0,97.0,5.46,10.0,261.0,0.0,60.0,131.0,0
0,63.0,38.0,279.1,14.0,10.0,1.0,149.0,104.0,4.45,17.0,306.0,1.0,111.0,138.0,0
0,358.0,33.0,452.2,0.0,24.0,4.0,212.0,317.0,3.82,18.0,461.0,4.0,135.0,192.0,0
0,22.0,2.0,75.1,3.0,3.0,1.0,30.0,27.0,2.52,5.0,83.0,1.0,36.0,21.0,0
0,64.0,9.0,160.1,3.0,6.0,0.0,116.0,61.0,5.57,5.0,200.0,0.0,78.0,99.0,0
0,59.0,35.0,279.2,1.0,18.0,0.0,161.0,184.0,4.84,16.0,294.0,0.0,81.0,150.0,0
0,8.0,3.0,9.1,0.0,0.0,0.0,14.0,14.0,13.85,0.0,22.0,0.0,6.0,14.0,0
0,533.0,71.0,697.0,1.0,57.0,114.0,366.0,505.0,4.25,40.0,652.0,114.0,288.0,329.0,0
0,28.0,4.0,31.2,0.0,0.0,0.0,11.0,28.0,2.88,0.0,26.0,0.0,7.0,10.0,0
0,316.0,47.0,1821.2,133.0,89.0,29.0,769.0,450.0,3.11,127.0,1884.0,29.0,458.0,630.0,1
0,303.0,98.0,1666.1,83.0,96.0,9.0,849.0,431.0,3.96,97.0,1815.0,9.0,608.0,733.0,0
0,574.0,223.0,2529.0,73.0,149.0,20.0,1127.0,1359.0,3.6,146.0,2440.0,20.0,924.0,1013.0,0
0,46.0,13.0,219.0,8.0,11.0,0.0,102.0,69.0,3.37,11.0,210.0,0.0,95.0,82.0,0
0,4.0,0.0,7.0,0.0,0.0,0.0,5.0,3.0,5.14,0.0,9.0,0.0,3.0,4.0,0
0,343.0,89.0,679.2,5.0,44.0,13.0,423.0,351.0,4.96,39.0,758.0,13.0,256.0,374.0,0
0,206.0,20.0,218.0,0.0,12.0,89.0,67.0,227.0,2.64,11.0,161.0,89.0,69.0,64.0,0
0,203.0,20.0,1084.1,70.0,76.0,0.0,593.0,570.0,3.57,38.0,1035.0,0.0,527.0,430.0,0
0,172.0,13.0,207.0,0.0,10.0,1.0,99.0,150.0,3.96,9.0,208.0,1.0,116.0,91.0,0
0,16.0,7.0,106.2,8.0,4.0,0.0,58.0,35.0,4.15,6.0,107.0,0.0,46.0,49.0,0
0,168.0,117.0,1010.0,6.0,51.0,0.0,501.0,832.0,4.19,58.0,999.0,0.0,325.0,470.0,0
0,50.0,15.0,118.2,0.0,9.0,1.0,76.0,41.0,5.25,6.0,120.0,1.0,40.0,69.0,0
0,3.0,1.0,11.2,0.0,1.0,0.0,8.0,7.0,6.43,0.0,17.0,0.0,6.0,8.0,0
0,1.0,0.0,8.0,1.0,0.0,0.0,8.0,0.0,5.63,1.0,13.0,0.0,0.0,5.0,0
0,92.0,43.0,356.0,5.0,19.0,1.0,216.0,162.0,4.9,18.0,392.0,1.0,161.0,194.0,0
0,34.0,6.0,69.2,0.0,6.0,2.0,34.0,47.0,3.9,2.0,66.0,2.0,44.0,30.0,0
0,52.0,4.0,137.1,0.0,7.0,0.0,85.0,35.0,4.6,4.0,171.0,0.0,40.0,70.0,0
0,3.0,1.0,8.0,0.0,0.0,0.0,7.0,1.0,7.88,0.0,10.0,0.0,4.0,7.0,0
0,584.0,86.0,909.1,0.0,43.0,81.0,398.0,689.0,3.63,55.0,839.0,81.0,405.0,367.0,0
0,8.0,1.0,22.1,0.0,4.0,0.0,23.0,10.0,7.33,0.0,25.0,0.0,15.0,18.0,0
0,14.0,5.0,13.2,0.0,2.0,0.0,17.0,11.0,11.59,0.0,23.0,0.0,6.0,17.0,0
0,2.0,1.0,3.0,0.0,0.0,0.0,6.0,0.0,6.0,0.0,9.0,0.0,1.0,2.0,0
0,3.0,2.0,7.2,0.0,0.0,0.0,8.0,2.0,10.0,0.0,13.0,0.0,2.0,8.0,0
0,2.0,0.0,14.0,1.0,2.0,0.0,24.0,1.0,7.71,0.0,29.0,0.0,12.0,12.0,0
0,1.0,1.0,4.0,0.0,0.0,0.0,4.0,1.0,4.5,0.0,7.0,0.0,0.0,2.0,0
0,22.0,3.0,94.0,3.0,7.0,1.0,52.0,51.0,3.93,2.0,101.0,1.0,30.0,41.0,0
0,12.0,0.0,4.2,0.0,0.0,0.0,4.0,8.0,8.57,0.0,7.0,0.0,3.0,4.0,0
0,32.0,1.0,27.2,0.0,1.0,0.0,18.0,31.0,5.29,1.0,23.0,0.0,23.0,16.0,0
0,162.0,92.0,892.1,6.0,65.0,1.0,548.0,674.0,5.1,48.0,884.0,1.0,520.0,506.0,0
0,2.0,3.0,5.2,0.0,2.0,0.0,9.0,5.0,12.12,0.0,9.0,0.0,7.0,7.0,0
0,132.0,32.0,175.1,0.0,7.0,1.0,108.0,193.0,5.24,8.0,171.0,1.0,98.0,102.0,0
0,198.0,42.0,271.0,0.0,17.0,4.0,161.0,192.0,4.95,19.0,291.0,4.0,94.0,149.0,0
0,451.0,58.0,724.1,4.0,32.0,14.0,351.0,539.0,3.99,38.0,716.0,14.0,403.0,321.0,0
0,192.0,44.0,1257.1,83.0,72.0,3.0,525.0,445.0,3.14,68.0,1273.0,3.0,289.0,438.0,0
0,5.0,0.0,43.0,5.0,2.0,0.0,38.0,20.0,3.77,3.0,50.0,0.0,17.0,18.0,0
0,188.0,103.0,1046.2,3.0,71.0,1.0,521.0,721.0,4.11,64.0,1014.0,1.0,415.0,478.0,0
0,140.0,51.0,628.0,27.0,44.0,8.0,338.0,249.0,4.5,37.0,618.0,8.0,316.0,314.0,0
0,68.0,32.0,373.0,8.0,19.0,0.0,190.0,303.0,3.98,23.0,331.0,0.0,225.0,165.0,0
0,281.0,165.0,1811.1,15.0,95.0,0.0,728.0,1506.0,3.39,95.0,1518.0,0.0,611.0,683.0,1
0,178.0,67.0,987.1,58.0,60.0,1.0,611.0,279.0,4.83,53.0,1119.0,1.0,569.0,530.0,0
0,15.0,1.0,9.1,0.0,0.0,0.0,4.0,8.0,3.96,1.0,11.0,0.0,3.0,4.0,0
0,200.0,44.0,587.2,18.0,43.0,25.0,347.0,202.0,4.69,33.0,656.0,25.0,259.0,306.0,0
0,475.0,218.0,2408.2,98.0,130.0,18.0,1182.0,939.0,3.81,137.0,2581.0,18.0,597.0,1020.0,0
0,13.0,2.0,75.0,6.0,5.0,1.0,54.0,59.0,4.2,3.0,84.0,1.0,22.0,35.0,0
0,313.0,24.0,302.2,0.0,12.0,7.0,110.0,324.0,3.25,14.0,236.0,7.0,126.0,109.0,0
0,118.0,8.0,150.2,0.0,7.0,5.0,57.0,104.0,2.52,6.0,120.0,5.0,65.0,42.0,0
0,40.0,6.0,34.1,0.0,1.0,0.0,26.0,27.0,6.6,0.0,45.0,0.0,28.0,25.0,0
0,18.0,4.0,79.2,4.0,5.0,1.0,49.0,27.0,4.55,2.0,90.0,1.0,32.0,40.0,0
0,4.0,0.0,9.1,0.0,2.0,0.0,16.0,2.0,12.86,1.0,18.0,0.0,5.0,13.0,0
0,10.0,1.0,32.1,1.0,2.0,0.0,23.0,11.0,6.45,1.0,37.0,0.0,16.0,23.0,0
0,2.0,2.0,8.1,1.0,2.0,0.0,20.0,2.0,16.67,0.0,18.0,0.0,7.0,15.0,0
0,3.0,1.0,6.1,0.0,0.0,0.0,7.0,4.0,8.85,0.0,12.0,0.0,1.0,6.0,0
0,40.0,17.0,130.2,0.0,11.0,0.0,104.0,86.0,6.29,4.0,166.0,0.0,58.0,91.0,0
0,22.0,5.0,48.1,0.0,1.0,0.0,18.0,26.0,3.18,3.0,37.0,0.0,16.0,17.0,0
0,28.0,6.0,69.1,1.0,8.0,0.0,54.0,19.0,5.73,3.0,86.0,0.0,43.0,44.0,0
0,109.0,22.0,301.2,5.0,22.0,5.0,207.0,102.0,5.32,9.0,345.0,5.0,158.0,178.0,0
0,193.0,16.0,262.2,0.0,20.0,45.0,129.0,159.0,4.22,10.0,268.0,45.0,128.0,123.0,0
0,6.0,2.0,33.1,0.0,2.0,0.0,15.0,14.0,3.53,1.0,37.0,0.0,12.0,13.0,0
0,69.0,1.0,86.1,0.0,0.0,1.0,40.0,70.0,3.03,2.0,80.0,1.0,48.0,29.0,0
0,28.0,4.0,28.1,0.0,2.0,0.0,17.0,31.0,5.12,0.0,23.0,0.0,10.0,16.0,0
0,266.0,52.0,779.2,7.0,51.0,15.0,442.0,600.0,4.56,34.0,708.0,15.0,544.0,395.0,0
0,139.0,120.0,784.0,5.0,52.0,0.0,448.0,498.0,4.61,45.0,832.0,0.0,221.0,402.0,0
0,7.0,2.0,13.2,0.0,1.0,0.0,14.0,9.0,9.55,0.0,19.0,0.0,15.0,14.0,0
0,392.0,140.0,1198.2,5.0,78.0,1.0,651.0,806.0,4.55,68.0,1250.0,1.0,441.0,606.0,0
0,2.0,0.0,11.0,1.0,0.0,0.0,2.0,2.0,0.0,1.0,9.0,0.0,4.0,0.0,0
0,12.0,4.0,50.0,2.0,4.0,0.0,35.0,16.0,5.76,2.0,67.0,0.0,20.0,32.0,0
0,1.0,0.0,2.2,0.0,1.0,0.0,7.0,0.0,20.45,0.0,7.0,0.0,0.0,5.0,0
0,5.0,0.0,2.1,0.0,0.0,0.0,5.0,1.0,21.43,0.0,5.0,0.0,6.0,5.0,0
0,33.0,13.0,71.2,0.0,4.0,0.0,59.0,30.0,7.21,3.0,102.0,0.0,39.0,57.0,0
0,119.0,12.0,185.2,0.0,7.0,22.0,64.0,109.0,2.77,10.0,162.0,22.0,59.0,57.0,0
0,20.0,5.0,51.1,0.0,2.0,0.0,48.0,18.0,7.57,2.0,74.0,0.0,23.0,43.0,0
0,165.0,31.0,1415.0,157.0,87.0,1.0,866.0,846.0,2.92,73.0,1394.0,1.0,369.0,459.0,0
0,316.0,48.0,931.1,15.0,49.0,19.0,442.0,485.0,3.67,51.0,894.0,19.0,391.0,380.0,0
0,4.0,2.0,4.0,0.0,1.0,0.0,9.0,4.0,20.25,0.0,8.0,0.0,6.0,9.0,0
0,90.0,13.0,442.2,23.0,28.0,3.0,229.0,177.0,3.6,21.0,425.0,3.0,207.0,177.0,0
0,248.0,99.0,967.1,36.0,64.0,10.0,502.0,549.0,4.03,60.0,998.0,10.0,351.0,433.0,0
0,112.0,13.0,100.2,0.0,3.0,0.0,53.0,98.0,4.49,2.0,92.0,0.0,36.0,50.0,0
0,4.0,2.0,8.0,0.0,0.0,0.0,3.0,4.0,3.38,0.0,12.0,0.0,2.0,3.0,0
0,3.0,0.0,21.0,3.0,3.0,0.0,19.0,8.0,6.0,0.0,31.0,0.0,8.0,14.0,0
0,60.0,5.0,367.2,26.0,15.0,3.0,227.0,74.0,4.07,24.0,473.0,3.0,115.0,166.0,0
0,3.0,1.0,15.0,0.0,0.0,0.0,8.0,5.0,4.2,0.0,14.0,0.0,6.0,7.0,0
0,1.0,0.0,1.0,0.0,0.0,0.0,0.0,0.0,0.0,0.0,1.0,0.0,0.0,0.0,0
0,286.0,45.0,1186.0,44.0,66.0,24.0,618.0,484.0,3.89,71.0,1235.0,24.0,455.0,512.0,0
0,1.0,1.0,2.1,0.0,0.0,0.0,2.0,2.0,8.57,0.0,3.0,0.0,0.0,2.0,0
0,230.0,99.0,997.0,26.0,76.0,5.0,553.0,471.0,4.44,45.0,1004.0,5.0,383.0,492.0,0
0,14.0,1.0,82.2,6.0,8.0,0.0,70.0,21.0,4.82,2.0,102.0,0.0,26.0,44.0,0
0,216.0,171.0,1319.2,4.0,87.0,0.0,670.0,970.0,4.3,72.0,1329.0,0.0,429.0,631.0,1
0,4.0,2.0,29.0,2.0,1.0,0.0,32.0,6.0,7.76,1.0,41.0,0.0,18.0,25.0,0
0,44.0,8.0,186.2,1.0,8.0,3.0,88.0,75.0,4.16,14.0,192.0,3.0,89.0,86.0,0
0,309.0,34.0,303.0,0.0,17.0,2.0,176.0,229.0,4.96,8.0,328.0,2.0,126.0,167.0,0
0,382.0,239.0,2360.1,37.0,116.0,0.0,1139.0,1590.0,3.87,136.0,2244.0,0.0,906.0,1016.0,0
0,7.0,2.0,15.2,0.0,0.0,0.0,7.0,5.0,2.96,0.0,16.0,0.0,7.0,5.0,0
0,7.0,5.0,24.0,0.0,2.0,0.0,20.0,22.0,7.13,0.0,31.0,0.0,8.0,19.0,0
0,223.0,35.0,381.1,1.0,20.0,14.0,240.0,310.0,4.49,12.0,400.0,14.0,184.0,190.0,0
0,3.0,0.0,3.0,0.0,0.0,0.0,0.0,2.0,0.0,0.0,0.0,0.0,2.0,0.0,0
0,91.0,27.0,359.2,15.0,24.0,5.0,183.0,104.0,3.78,18.0,349.0,5.0,143.0,151.0,0
0,319.0,142.0,1915.1,115.0,93.0,12.0,1063.0,1002.0,4.38,127.0,1981.0,12.0,809.0,933.0,1
0,27.0,6.0,38.2,0.0,1.0,2.0,23.0,27.0,5.18,2.0,31.0,2.0,24.0,22.0,0
0,125.0,20.0,951.1,90.0,73.0,1.0,515.0,274.0,3.43,36.0,1027.0,1.0,291.0,362.0,0
0,19.0,5.0,63.1,1.0,6.0,0.0,55.0,27.0,5.42,2.0,85.0,0.0,41.0,38.0,0
0,321.0,48.0,611.1,0.0,33.0,14.0,360.0,350.0,4.62,23.0,663.0,14.0,319.0,314.0,0
0,326.0,38.0,525.1,0.0,27.0,68.0,215.0,295.0,3.31,28.0,519.0,68.0,156.0,193.0,0
0,209.0,167.0,1178.2,3.0,68.0,0.0,688.0,855.0,4.94,71.0,1253.0,0.0,448.0,647.0,0
0,5.0,0.0,10.0,0.0,0.0,0.0,3.0,4.0,2.7,0.0,8.0,0.0,3.0,3.0,0
0,16.0,5.0,55.2,0.0,3.0,0.0,24.0,25.0,3.59,2.0,49.0,0.0,35.0,22.0,0
0,24.0,7.0,106.0,6.0,8.0,0.0,62.0,46.0,4.58,4.0,105.0,0.0,70.0,54.0,0
0,5.0,2.0,8.0,0.0,1.0,1.0,5.0,4.0,5.63,0.0,9.0,1.0,5.0,5.0,0
0,27.0,1.0,23.2,0.0,0.0,0.0,11.0,25.0,3.88,1.0,23.0,0.0,17.0,10.0,0
0,1071.0,347.0,3285.2,100.0,171.0,390.0,1382.0,2401.0,3.5,197.0,3076.0,390.0,738.0,1278.0,1
0,18.0,3.0,26.2,0.0,2.0,0.0,30.0,7.0,9.27,0.0,40.0,0.0,14.0,27.0,0
0,25.0,8.0,71.2,1.0,3.0,0.0,45.0,22.0,4.55,0.0,86.0,0.0,27.0,36.0,0
0,6.0,0.0,3.2,0.0,0.0,0.0,3.0,2.0,8.44,0.0,7.0,0.0,2.0,3.0,0
0,29.0,3.0,34.1,0.0,2.0,0.0,10.0,23.0,2.38,0.0,29.0,0.0,25.0,9.0,0
0,7.0,1.0,32.1,0.0,1.0,0.0,19.0,7.0,4.77,1.0,36.0,0.0,20.0,17.0,0
0,2.0,0.0,1.0,0.0,0.0,0.0,3.0,0.0,27.0,0.0,0.0,0.0,6.0,3.0,0
0,27.0,5.0,45.1,0.0,0.0,0.0,34.0,26.0,6.78,2.0,56.0,0.0,11.0,34.0,0
0,5.0,0.0,5.2,0.0,0.0,0.0,7.0,3.0,12.12,0.0,7.0,0.0,8.0,7.0,0
0,9.0,3.0,17.0,0.0,0.0,0.0,12.0,10.0,5.82,0.0,25.0,0.0,7.0,11.0,0
0,182.0,20.0,312.1,0.0,12.0,6.0,145.0,182.0,3.86,19.0,315.0,6.0,123.0,134.0,0
0,9.0,6.0,51.2,1.0,4.0,0.0,32.0,19.0,5.27,3.0,60.0,0.0,24.0,30.0,0
0,17.0,2.0,20.2,0.0,2.0,0.0,14.0,11.0,4.9,1.0,31.0,0.0,10.0,11.0,0
0,115.0,9.0,81.2,0.0,3.0,1.0,32.0,78.0,3.21,3.0,64.0,1.0,28.0,29.0,0
0,27.0,3.0,26.2,0.0,1.0,0.0,20.0,15.0,6.87,0.0,37.0,0.0,16.0,20.0,0
0,121.0,21.0,170.0,0.0,12.0,1.0,103.0,98.0,4.98,9.0,182.0,1.0,81.0,94.0,0
0,8.0,1.0,14.0,0.0,0.0,0.0,15.0,3.0,9.64,0.0,22.0,0.0,8.0,15.0,0
0,14.0,5.0,87.2,1.0,6.0,0.0,36.0,46.0,3.72,1.0,72.0,0.0,39.0,36.0,0
0,1.0,0.0,3.0,0.0,0.0,0.0,3.0,0.0,9.0,0.0,8.0,0.0,1.0,3.0,0
0,56.0,4.0,170.0,4.0,9.0,0.0,108.0,60.0,4.76,6.0,193.0,0.0,84.0,90.0,0
0,145.0,19.0,584.1,22.0,37.0,4.0,360.0,211.0,4.38,26.0,666.0,4.0,278.0,284.0,0
0,10.0,0.0,8.1,0.0,0.0,0.0,5.0,9.0,4.44,0.0,13.0,0.0,7.0,4.0,0
0,1.0,0.0,3.0,0.0,0.0,0.0,1.0,1.0,3.0,0.0,4.0,0.0,1.0,1.0,0
0,62.0,9.0,125.2,0.0,5.0,2.0,56.0,84.0,3.38,5.0,110.0,2.0,61.0,47.0,0
0,14.0,1.0,86.1,6.0,5.0,0.0,39.0,35.0,2.61,4.0,77.0,0.0,48.0,25.0,0
0,669.0,111.0,4086.2,273.0,213.0,27.0,1813.0,1471.0,3.15,254.0,4106.0,27.0,1213.0,1430.0,1
0,848.0,141.0,1375.0,6.0,95.0,191.0,591.0,877.0,3.48,104.0,1347.0,191.0,362.0,531.0,0
0,19.0,0.0,43.1,0.0,0.0,0.0,23.0,21.0,2.71,0.0,44.0,0.0,30.0,13.0,0
0,38.0,6.0,82.1,0.0,7.0,3.0,55.0,21.0,5.48,2.0,88.0,3.0,38.0,50.0,0
0,5.0,0.0,5.2,0.0,0.0,0.0,3.0,0.0,5.19,0.0,11.0,0.0,2.0,3.0,0
0,5.0,0.0,8.0,0.0,0.0,0.0,3.0,2.0,1.13,0.0,8.0,0.0,4.0,1.0,0
0,7.0,1.0,41.0,2.0,2.0,0.0,28.0,16.0,5.49,1.0,52.0,0.0,25.0,25.0,0
0,2.0,0.0,2.0,0.0,0.0,0.0,2.0,0.0,9.0,0.0,5.0,0.0,0.0,2.0,0
0,30.0,19.0,124.1,0.0,9.0,0.0,100.0,78.0,6.96,5.0,149.0,0.0,42.0,96.0,0
0,325.0,152.0,1435.1,25.0,90.0,7.0,717.0,865.0,4.07,70.0,1385.0,7.0,671.0,649.0,0
0,40.0,4.0,114.2,3.0,4.0,0.0,97.0,16.0,6.07,5.0,158.0,0.0,54.0,77.0,0
0,330.0,23.0,2275.0,180.0,123.0,8.0,963.0,1164.0,2.68,130.0,2090.0,8.0,690.0,678.0,0
0,64.0,10.0,75.2,0.0,5.0,0.0,50.0,62.0,5.63,3.0,91.0,0.0,36.0,47.0,0
0,33.0,3.0,76.2,1.0,1.0,0.0,60.0,20.0,5.55,2.0,99.0,0.0,39.0,47.0,0
0,13.0,5.0,30.2,0.0,0.0,0.0,18.0,27.0,5.07,0.0,37.0,0.0,20.0,17.0,0
0,15.0,3.0,20.0,0.0,0.0,0.0,14.0,7.0,5.85,0.0,26.0,0.0,6.0,13.0,0
0,103.0,6.0,110.0,0.0,5.0,14.0,41.0,103.0,2.78,2.0,85.0,14.0,53.0,34.0,0
0,164.0,73.0,733.0,28.0,51.0,6.0,445.0,352.0,4.85,34.0,763.0,6.0,393.0,395.0,0
0,7.0,4.0,35.1,2.0,4.0,0.0,55.0,7.0,9.23,1.0,57.0,0.0,24.0,36.0,0
0,16.0,3.0,33.1,0.0,1.0,1.0,22.0,35.0,5.44,2.0,29.0,1.0,24.0,20.0,0
0,55.0,7.0,105.0,0.0,5.0,0.0,72.0,64.0,5.49,0.0,106.0,0.0,65.0,64.0,0
0,5.0,2.0,24.0,0.0,3.0,0.0,12.0,13.0,3.75,0.0,20.0,0.0,15.0,10.0,0
0,17.0,0.0,92.0,5.0,9.0,0.0,52.0,30.0,3.62,2.0,87.0,0.0,38.0,37.0,0
0,4.0,2.0,9.1,0.0,1.0,0.0,12.0,11.0,11.87,0.0,12.0,0.0,5.0,12.0,0
0,370.0,52.0,624.0,0.0,43.0,75.0,343.0,395.0,4.3,30.0,611.0,75.0,345.0,298.0,0
0,6.0,9.0,23.0,0.0,3.0,0.0,18.0,14.0,7.04,0.0,26.0,0.0,10.0,18.0,0
0,7.0,8.0,28.0,0.0,1.0,0.0,25.0,16.0,7.71,0.0,32.0,0.0,13.0,24.0,0
0,44.0,6.0,70.0,0.0,3.0,0.0,47.0,28.0,5.79,2.0,100.0,0.0,29.0,45.0,0
0,893.0,132.0,988.2,1.0,66.0,57.0,509.0,963.0,4.26,43.0,944.0,57.0,412.0,468.0,0
0,123.0,8.0,138.2,0.0,5.0,17.0,62.0,170.0,3.65,3.0,117.0,17.0,49.0,56.0,0
0,5.0,0.0,18.0,0.0,0.0,0.0,8.0,6.0,2.5,0.0,20.0,0.0,7.0,5.0,0
0,509.0,70.0,824.1,1.0,45.0,132.0,326.0,668.0,3.25,48.0,751.0,132.0,334.0,298.0,0
0,116.0,72.0,698.2,13.0,46.0,0.0,383.0,355.0,4.56,36.0,732.0,0.0,250.0,354.0,0
0,590.0,152.0,1704.2,41.0,111.0,83.0,737.0,1177.0,3.45,106.0,1628.0,83.0,468.0,653.0,0
0,720.0,214.0,2033.2,17.0,124.0,25.0,1042.0,1643.0,4.11,121.0,2083.0,25.0,724.0,929.0,0
0,8.0,1.0,10.0,0.0,1.0,0.0,6.0,10.0,5.4,0.0,8.0,0.0,8.0,6.0,0
0,4.0,3.0,11.2,0.0,0.0,0.0,9.0,7.0,7.23,0.0,16.0,0.0,1.0,9.0,0
0,71.0,42.0,261.1,8.0,16.0,2.0,150.0,164.0,4.72,12.0,247.0,2.0,95.0,137.0,0
0,43.0,6.0,127.1,3.0,8.0,2.0,68.0,34.0,3.75,10.0,146.0,2.0,47.0,53.0,0
0,1.0,0.0,9.0,1.0,0.0,0.0,4.0,1.0,0.0,1.0,11.0,0.0,2.0,0.0,0
0,34.0,13.0,163.0,1.0,7.0,0.0,89.0,103.0,4.53,9.0,156.0,0.0,96.0,82.0,0
0,7.0,4.0,8.1,0.0,0.0,0.0,14.0,4.0,15.56,0.0,18.0,0.0,8.0,14.0,0
0,113.0,37.0,376.1,10.0,23.0,8.0,241.0,109.0,5.26,16.0,457.0,8.0,107.0,220.0,0
0,53.0,8.0,164.0,0.0,12.0,5.0,94.0,63.0,4.39,7.0,171.0,5.0,79.0,80.0,0
0,62.0,9.0,239.2,6.0,11.0,2.0,135.0,88.0,4.7,13.0,255.0,2.0,98.0,125.0,0
0,2.0,0.0,13.0,1.0,0.0,0.0,3.0,3.0,0.69,2.0,13.0,0.0,4.0,1.0,0
0,58.0,7.0,126.1,0.0,5.0,1.0,70.0,60.0,4.07,4.0,136.0,1.0,47.0,57.0,0
0,402.0,76.0,643.2,0.0,26.0,187.0,268.0,718.0,3.47,33.0,518.0,187.0,226.0,248.0,0
0,30.0,6.0,36.2,0.0,0.0,1.0,26.0,24.0,4.72,2.0,32.0,1.0,17.0,19.0,0
0,1.0,0.0,2.1,0.0,0.0,0.0,2.0,2.0,8.57,0.0,4.0,0.0,3.0,2.0,0
0,9.0,3.0,8.2,0.0,0.0,0.0,8.0,3.0,7.68,0.0,14.0,0.0,4.0,7.0,0
0,31.0,5.0,73.2,0.0,4.0,2.0,52.0,43.0,5.78,1.0,73.0,2.0,39.0,47.0,0
0,100.0,94.0,542.0,2.0,34.0,0.0,313.0,346.0,4.78,26.0,536.0,0.0,226.0,288.0,0
0,55.0,15.0,118.0,0.0,8.0,4.0,85.0,63.0,5.87,4.0,153.0,4.0,47.0,77.0,0
0,195.0,82.0,970.0,21.0,56.0,2.0,544.0,518.0,4.54,55.0,997.0,2.0,457.0,489.0,0
0,375.0,103.0,2004.0,100.0,118.0,13.0,999.0,851.0,3.97,109.0,2148.0,13.0,735.0,885.0,0
0,9.0,2.0,25.0,0.0,4.0,1.0,18.0,14.0,4.68,0.0,31.0,1.0,15.0,13.0,0
0,91.0,24.0,207.1,0.0,10.0,1.0,144.0,165.0,5.65,10.0,225.0,1.0,123.0,130.0,0
0,218.0,139.0,1310.0,4.0,66.0,0.0,587.0,1247.0,3.7,91.0,1232.0,0.0,479.0,538.0,0
0,242.0,21.0,1277.0,61.0,69.0,10.0,588.0,550.0,3.14,66.0,1210.0,10.0,494.0,445.0,0
0,54.0,20.0,175.1,4.0,11.0,1.0,140.0,68.0,5.96,5.0,227.0,1.0,95.0,116.0,0
0,160.0,19.0,116.0,0.0,3.0,0.0,54.0,69.0,4.11,4.0,129.0,0.0,47.0,53.0,0
0,10.0,3.0,20.2,0.0,1.0,0.0,10.0,11.0,4.01,0.0,19.0,0.0,12.0,9.0,0
0,3.0,0.0,25.0,3.0,2.0,0.0,18.0,17.0,2.88,0.0,21.0,0.0,10.0,8.0,0
0,1.0,0.0,9.0,1.0,1.0,0.0,10.0,2.0,8.0,0.0,10.0,0.0,3.0,8.0,0
0,16.0,2.0,19.2,0.0,0.0,0.0,13.0,7.0,5.63,0.0,25.0,0.0,10.0,12.0,0
0,1.0,0.0,5.0,0.0,0.0,0.0,4.0,0.0,1.8,0.0,7.0,0.0,2.0,1.0,0
0,7.0,3.0,9.1,0.0,0.0,0.0,10.0,3.0,9.89,0.0,9.0,0.0,13.0,10.0,0
0,43.0,18.0,100.1,1.0,5.0,0.0,58.0,52.0,4.86,7.0,121.0,0.0,36.0,54.0,0
0,266.0,162.0,1655.0,56.0,83.0,2.0,806.0,853.0,4.01,100.0,1717.0,2.0,436.0,738.0,0
0,4.0,0.0,6.2,0.0,0.0,0.0,5.0,2.0,7.26,0.0,6.0,0.0,10.0,5.0,0
0,348.0,47.0,532.1,0.0,24.0,12.0,254.0,372.0,3.86,26.0,537.0,12.0,186.0,228.0,0
0,9.0,2.0,18.0,0.0,1.0,0.0,9.0,11.0,4.0,0.0,22.0,0.0,8.0,8.0,0
0,306.0,181.0,1283.1,47.0,89.0,17.0,680.0,557.0,4.22,62.0,1297.0,17.0,320.0,601.0,0
0,149.0,26.0,212.0,0.0,10.0,1.0,133.0,128.0,5.09,9.0,226.0,1.0,105.0,120.0,0
0,453.0,240.0,2235.0,99.0,113.0,20.0,1012.0,1575.0,3.63,136.0,2154.0,20.0,601.0,901.0,1
0,261.0,76.0,1466.2,91.0,91.0,13.0,666.0,508.0,3.5,78.0,1414.0,13.0,577.0,571.0,0
0,34.0,13.0,83.0,0.0,7.0,1.0,70.0,69.0,6.4,2.0,86.0,1.0,59.0,59.0,0
0,3.0,0.0,19.0,1.0,1.0,0.0,9.0,5.0,0.95,1.0,13.0,0.0,11.0,2.0,0
0,2.0,2.0,18.0,2.0,2.0,0.0,23.0,5.0,7.0,0.0,24.0,0.0,16.0,14.0,0
0,114.0,13.0,97.0,0.0,1.0,1.0,54.0,101.0,4.73,3.0,76.0,1.0,51.0,51.0,0
0,32.0,2.0,120.1,4.0,7.0,1.0,63.0,47.0,3.07,3.0,108.0,1.0,40.0,41.0,0
0,13.0,0.0,29.2,0.0,2.0,0.0,17.0,9.0,4.32,3.0,43.0,0.0,8.0,14.0,0
0,2.0,0.0,2.2,0.0,1.0,0.0,1.0,2.0,4.09,0.0,4.0,0.0,3.0,1.0,0
0,81.0,8.0,431.2,23.0,33.0,0.0,218.0,214.0,3.09,19.0,414.0,0.0,225.0,148.0,0
0,1.0,0.0,2.0,0.0,0.0,0.0,2.0,0.0,0.0,0.0,2.0,0.0,1.0,0.0,0
0,17.0,4.0,90.1,0.0,5.0,0.0,33.0,75.0,2.9,8.0,70.0,0.0,35.0,29.0,0
0,243.0,27.0,2029.1,212.0,94.0,0.0,821.0,917.0,2.55,130.0,1916.0,0.0,381.0,574.0,1
0,119.0,15.0,307.1,8.0,15.0,12.0,187.0,103.0,4.16,14.0,330.0,12.0,123.0,142.0,0
0,555.0,165.0,3208.2,209.0,158.0,11.0,1556.0,981.0,3.64,210.0,3460.0,11.0,871.0,1298.0,0
0,1.0,0.0,3.0,0.0,0.0,0.0,4.0,0.0,6.0,0.0,4.0,0.0,3.0,2.0,0
0,262.0,113.0,911.0,2.0,48.0,0.0,531.0,492.0,4.65,56.0,1048.0,0.0,277.0,471.0,0
0,1.0,1.0,8.0,1.0,1.0,0.0,12.0,4.0,7.88,0.0,17.0,0.0,4.0,7.0,0
0,11.0,1.0,54.0,4.0,4.0,0.0,52.0,17.0,5.67,1.0,78.0,0.0,22.0,34.0,0
0,47.0,5.0,98.1,0.0,5.0,0.0,39.0,58.0,3.03,5.0,100.0,0.0,40.0,33.0,0
0,192.0,82.0,1063.0,36.0,66.0,1.0,509.0,707.0,3.62,55.0,1007.0,1.0,334.0,428.0,0
0,7.0,0.0,18.0,0.0,1.0,0.0,11.0,8.0,4.0,0.0,19.0,0.0,13.0,8.0,0
0,3.0,0.0,4.2,0.0,0.0,0.0,3.0,3.0,6.43,0.0,4.0,0.0,5.0,3.0,0
0,89.0,32.0,276.2,8.0,18.0,1.0,182.0,133.0,5.41,9.0,307.0,1.0,146.0,166.0,0
0,188.0,16.0,909.2,49.0,47.0,12.0,438.0,427.0,3.09,54.0,821.0,12.0,391.0,312.0,0
0,130.0,12.0,126.0,0.0,12.0,22.0,59.0,98.0,3.93,5.0,135.0,22.0,59.0,55.0,0
0,125.0,20.0,195.1,1.0,12.0,5.0,122.0,148.0,5.21,9.0,184.0,5.0,95.0,113.0,0
0,30.0,1.0,236.0,20.0,18.0,0.0,141.0,106.0,3.89,11.0,286.0,0.0,62.0,102.0,0
0,83.0,6.0,73.0,0.0,2.0,0.0,52.0,72.0,6.41,5.0,81.0,0.0,51.0,52.0,0
0,16.0,15.0,71.2,0.0,4.0,0.0,54.0,53.0,6.7,2.0,89.0,0.0,37.0,53.0,0
0,1.0,0.0,5.0,0.0,0.0,0.0,3.0,4.0,5.4,0.0,5.0,0.0,2.0,3.0,0
0,3.0,0.0,4.2,0.0,0.0,0.0,2.0,4.0,4.29,0.0,5.0,0.0,3.0,2.0,0
0,79.0,14.0,137.0,0.0,4.0,0.0,77.0,88.0,4.8,10.0,141.0,0.0,65.0,73.0,0
0,10.0,2.0,15.0,0.0,0.0,0.0,13.0,9.0,7.8,0.0,25.0,0.0,9.0,13.0,0
0,5.0,0.0,4.2,0.0,0.0,0.0,0.0,5.0,0.0,0.0,2.0,0.0,4.0,0.0,0
0,4.0,0.0,6.0,0.0,0.0,0.0,2.0,2.0,3.0,0.0,5.0,0.0,5.0,2.0,0
0,89.0,12.0,603.2,59.0,46.0,1.0,532.0,167.0,5.52,27.0,780.0,1.0,266.0,370.0,0
0,288.0,22.0,360.0,0.0,20.0,5.0,141.0,192.0,3.05,10.0,337.0,5.0,121.0,122.0,0
0,26.0,7.0,81.2,2.0,9.0,0.0,68.0,53.0,7.09,3.0,84.0,0.0,67.0,64.0,0
0,126.0,91.0,514.0,4.0,35.0,16.0,308.0,405.0,5.15,34.0,547.0,16.0,175.0,294.0,0
0,41.0,3.0,63.1,0.0,5.0,0.0,43.0,27.0,5.71,4.0,71.0,0.0,33.0,40.0,0
0,2.0,2.0,17.0,2.0,2.0,0.0,19.0,6.0,5.82,0.0,18.0,0.0,8.0,11.0,0
0,2.0,1.0,8.2,0.0,1.0,0.0,8.0,6.0,7.68,0.0,12.0,0.0,6.0,7.0,0
0,105.0,70.0,564.0,2.0,34.0,0.0,310.0,435.0,4.44,39.0,508.0,0.0,354.0,278.0,0
0,724.0,85.0,1007.2,3.0,55.0,300.0,450.0,830.0,3.65,51.0,901.0,300.0,437.0,408.0,0
0,94.0,67.0,540.1,0.0,21.0,2.0,201.0,451.0,3.18,38.0,483.0,2.0,109.0,191.0,1
0,20.0,2.0,29.2,0.0,0.0,0.0,17.0,20.0,4.62,2.0,33.0,0.0,21.0,15.0,0
0,303.0,115.0,1389.1,54.0,99.0,10.0,725.0,738.0,3.98,67.0,1449.0,10.0,407.0,614.0,0
0,353.0,133.0,2072.2,44.0,131.0,1.0,1061.0,1225.0,4.01,112.0,2110.0,1.0,816.0,923.0,0
0,102.0,36.0,411.0,3.0,27.0,1.0,219.0,229.0,4.38,20.0,425.0,1.0,186.0,200.0,0
0,297.0,176.0,1589.2,5.0,104.0,0.0,884.0,1230.0,4.62,85.0,1696.0,0.0,620.0,816.0,0
0,692.0,109.0,1358.2,16.0,75.0,79.0,589.0,889.0,3.47,86.0,1272.0,79.0,511.0,523.0,0
0,2.0,1.0,11.0,1.0,2.0,0.0,12.0,3.0,5.73,0.0,14.0,0.0,7.0,7.0,0
0,10.0,3.0,54.0,1.0,2.0,0.0,42.0,11.0,6.0,2.0,74.0,0.0,35.0,36.0,0
0,558.0,259.0,3262.2,149.0,183.0,20.0,1405.0,1709.0,3.4,194.0,3206.0,20.0,824.0,1233.0,1
0,1005.0,127.0,1188.1,0.0,67.0,142.0,492.0,1006.0,3.42,62.0,983.0,142.0,464.0,451.0,0
0,23.0,3.0,49.2,0.0,3.0,0.0,32.0,33.0,5.85,2.0,57.0,0.0,39.0,32.0,0
0,280.0,50.0,559.0,1.0,34.0,34.0,260.0,351.0,3.77,28.0,531.0,34.0,203.0,234.0,0
0,51.0,6.0,54.1,0.0,4.0,0.0,31.0,28.0,4.33,2.0,55.0,0.0,28.0,26.0,0
0,22.0,15.0,105.1,0.0,5.0,0.0,74.0,63.0,5.82,4.0,131.0,0.0,34.0,68.0,0
0,1.0,0.0,1.0,0.0,0.0,1.0,1.0,0.0,9.0,0.0,2.0,1.0,1.0,1.0,0
0,22.0,1.0,40.1,0.0,2.0,0.0,23.0,15.0,4.94,1.0,43.0,0.0,20.0,22.0,0
0,250.0,39.0,1189.1,65.0,81.0,7.0,583.0,336.0,3.55,50.0,1223.0,7.0,423.0,469.0,0
0,2.0,2.0,4.0,0.0,0.0,0.0,5.0,3.0,11.25,0.0,9.0,0.0,1.0,5.0,0
0,88.0,11.0,612.1,53.0,46.0,0.0,317.0,195.0,3.19,22.0,618.0,0.0,148.0,217.0,0
0,5.0,0.0,17.1,0.0,1.0,0.0,12.0,8.0,5.79,0.0,25.0,0.0,1.0,11.0,0
0,106.0,38.0,261.0,2.0,18.0,1.0,161.0,141.0,5.34,10.0,323.0,1.0,98.0,155.0,0
0,2.0,0.0,2.0,0.0,0.0,0.0,1.0,1.0,4.5,0.0,4.0,0.0,2.0,1.0,0
0,9.0,2.0,7.1,0.0,0.0,1.0,9.0,6.0,11.41,0.0,10.0,1.0,3.0,9.0,0
0,4.0,0.0,8.0,0.0,0.0,1.0,0.0,2.0,0.0,1.0,4.0,1.0,3.0,0.0,0
0,8.0,0.0,49.0,5.0,3.0,0.0,29.0,13.0,2.57,3.0,49.0,0.0,15.0,14.0,0
0,18.0,1.0,13.2,0.0,1.0,0.0,9.0,19.0,6.14,0.0,14.0,0.0,13.0,9.0,0
0,69.0,26.0,166.0,1.0,10.0,0.0,108.0,99.0,5.58,8.0,186.0,0.0,56.0,103.0,0
0,72.0,28.0,411.0,27.0,22.0,4.0,195.0,131.0,3.79,25.0,431.0,4.0,131.0,173.0,0
0,1.0,0.0,1.0,0.0,0.0,0.0,2.0,0.0,18.0,0.0,1.0,0.0,3.0,2.0,0
0,203.0,16.0,1178.2,68.0,71.0,4.0,559.0,408.0,3.21,64.0,1110.0,4.0,578.0,420.0,0
0,84.0,14.0,541.2,44.0,21.0,3.0,196.0,253.0,2.28,37.0,469.0,3.0,199.0,137.0,1
0,279.0,39.0,407.0,0.0,26.0,73.0,194.0,340.0,3.8,24.0,377.0,73.0,157.0,172.0,0
0,72.0,63.0,326.0,0.0,19.0,0.0,169.0,242.0,4.53,24.0,317.0,0.0,132.0,164.0,0
0,8.0,5.0,34.1,0.0,3.0,0.0,25.0,17.0,6.6,0.0,40.0,0.0,15.0,25.0,0
0,35.0,13.0,147.1,2.0,6.0,0.0,81.0,104.0,4.53,6.0,148.0,0.0,60.0,74.0,0
0,66.0,15.0,119.0,0.0,3.0,2.0,66.0,73.0,4.76,5.0,107.0,2.0,84.0,63.0,0
0,5.0,0.0,4.0,0.0,0.0,0.0,2.0,5.0,4.5,0.0,7.0,0.0,4.0,2.0,0
0,31.0,0.0,95.2,4.0,7.0,1.0,59.0,36.0,3.4,2.0,94.0,1.0,45.0,36.0,0
0,288.0,30.0,314.0,0.0,14.0,11.0,144.0,247.0,3.67,16.0,285.0,11.0,149.0,128.0,0
0,3.0,1.0,4.2,0.0,1.0,0.0,8.0,2.0,15.0,0.0,9.0,0.0,2.0,7.0,0
0,898.0,395.0,4530.1,180.0,237.0,17.0,2038.0,2461.0,3.45,283.0,4620.0,17.0,1083.0,1738.0,0
0,109.0,3.0,627.2,41.0,43.0,2.0,314.0,285.0,3.17,32.0,631.0,2.0,272.0,221.0,0
0,54.0,7.0,68.2,0.0,1.0,0.0,39.0,63.0,4.22,2.0,51.0,0.0,31.0,32.0,0
0,4.0,0.0,19.2,0.0,0.0,0.0,7.0,10.0,1.88,0.0,22.0,0.0,9.0,4.0,0
0,5.0,2.0,6.0,0.0,0.0,0.0,3.0,4.0,4.5,0.0,8.0,0.0,3.0,3.0,0
0,58.0,21.0,240.2,6.0,15.0,0.0,128.0,108.0,4.16,6.0,255.0,0.0,85.0,111.0,0
0,50.0,12.0,52.0,0.0,2.0,2.0,60.0,38.0,9.17,0.0,68.0,2.0,46.0,53.0,0
0,78.0,9.0,536.2,36.0,25.0,2.0,209.0,150.0,2.69,32.0,534.0,2.0,145.0,160.0,1
0,3.0,0.0,12.0,1.0,0.0,0.0,4.0,9.0,3.0,1.0,10.0,0.0,10.0,4.0,0
0,49.0,0.0,222.1,10.0,17.0,1.0,124.0,75.0,4.17,9.0,234.0,1.0,93.0,103.0,0
0,250.0,105.0,975.2,8.0,59.0,5.0,519.0,542.0,4.52,53.0,1006.0,5.0,446.0,490.0,0
0,8.0,3.0,21.2,0.0,0.0,0.0,23.0,11.0,9.34,0.0,31.0,0.0,6.0,22.0,0
0,25.0,0.0,65.1,1.0,5.0,0.0,43.0,24.0,5.12,2.0,77.0,0.0,40.0,37.0,0
0,15.0,2.0,86.0,7.0,7.0,0.0,65.0,43.0,4.81,2.0,100.0,0.0,50.0,46.0,0
0,87.0,3.0,399.0,20.0,29.0,5.0,169.0,141.0,2.84,13.0,344.0,5.0,157.0,126.0,0
0,223.0,30.0,241.1,0.0,13.0,27.0,123.0,166.0,4.22,21.0,242.0,27.0,132.0,113.0,0
0,2.0,0.0,2.0,0.0,0.0,0.0,1.0,0.0,4.5,0.0,1.0,0.0,2.0,1.0,0
0,165.0,12.0,1091.2,81.0,67.0,3.0,471.0,415.0,2.79,48.0,1012.0,3.0,314.0,338.0,0
0,191.0,16.0,422.2,1.0,23.0,26.0,200.0,107.0,3.52,18.0,451.0,26.0,130.0,165.0,0
0,178.0,120.0,1002.0,5.0,56.0,0.0,594.0,513.0,4.81,54.0,1164.0,0.0,369.0,536.0,0
0,3.0,0.0,17.0,1.0,0.0,0.0,18.0,5.0,6.35,1.0,30.0,0.0,9.0,12.0,0
0,9.0,13.0,47.2,0.0,3.0,0.0,32.0,44.0,5.72,2.0,40.0,0.0,24.0,30.0,0
0,7.0,1.0,6.2,0.0,0.0,0.0,2.0,1.0,2.9,0.0,8.0,0.0,4.0,2.0,0
0,16.0,2.0,17.0,0.0,1.0,0.0,13.0,20.0,5.29,1.0,13.0,0.0,12.0,10.0,0
0,2.0,0.0,1.2,0.0,0.0,0.0,2.0,0.0,15.0,0.0,4.0,0.0,0.0,2.0,0
0,357.0,59.0,603.1,1.0,39.0,41.0,289.0,458.0,4.01,32.0,636.0,41.0,199.0,269.0,0
0,138.0,80.0,592.1,2.0,40.0,0.0,321.0,330.0,4.44,26.0,636.0,0.0,153.0,292.0,0
0,35.0,4.0,31.1,0.0,1.0,0.0,15.0,19.0,4.34,3.0,35.0,0.0,18.0,15.0,0
0,6.0,0.0,18.1,0.0,1.0,0.0,9.0,4.0,3.98,0.0,17.0,0.0,7.0,8.0,0
0,40.0,15.0,86.1,0.0,3.0,1.0,45.0,50.0,4.49,3.0,87.0,1.0,30.0,43.0,0
0,50.0,25.0,243.2,0.0,22.0,1.0,130.0,164.0,4.33,8.0,251.0,1.0,89.0,117.0,0
0,3.0,0.0,3.0,0.0,0.0,0.0,4.0,3.0,12.0,0.0,6.0,0.0,1.0,4.0,0
0,245.0,150.0,1397.2,3.0,79.0,0.0,676.0,1349.0,4.01,93.0,1316.0,0.0,579.0,623.0,0
0,46.0,27.0,171.2,0.0,16.0,0.0,135.0,128.0,6.78,6.0,208.0,0.0,106.0,129.0,0
0,139.0,22.0,214.1,1.0,5.0,11.0,115.0,126.0,4.29,8.0,219.0,11.0,69.0,102.0,0
0,513.0,81.0,1079.2,7.0,56.0,94.0,492.0,551.0,3.63,77.0,1043.0,94.0,396.0,435.0,0
0,284.0,49.0,450.2,1.0,29.0,22.0,213.0,251.0,3.68,20.0,464.0,22.0,139.0,184.0,0
0,70.0,7.0,102.0,0.0,4.0,5.0,46.0,55.0,3.44,7.0,103.0,5.0,38.0,39.0,0
0,2.0,0.0,8.0,0.0,1.0,0.0,2.0,8.0,2.25,0.0,9.0,0.0,2.0,2.0,0
0,358.0,241.0,2282.0,17.0,117.0,0.0,1118.0,1803.0,4.03,153.0,2357.0,0.0,660.0,1022.0,1
0,253.0,49.0,490.0,1.0,44.0,26.0,297.0,372.0,5.01,23.0,457.0,26.0,258.0,273.0,0
0,415.0,99.0,1739.2,26.0,103.0,12.0,885.0,783.0,4.02,98.0,1786.0,12.0,725.0,777.0,0
0,44.0,9.0,56.1,0.0,1.0,3.0,39.0,27.0,5.61,3.0,75.0,3.0,30.0,35.0,0
0,205.0,40.0,287.0,0.0,23.0,39.0,147.0,209.0,4.14,17.0,275.0,39.0,96.0,132.0,0
0,126.0,46.0,537.1,20.0,29.0,3.0,298.0,178.0,4.39,25.0,583.0,3.0,221.0,262.0,0
0,153.0,47.0,487.0,0.0,29.0,1.0,267.0,242.0,4.45,25.0,544.0,1.0,196.0,241.0,0
0,16.0,1.0,14.1,0.0,1.0,0.0,9.0,15.0,5.11,0.0,15.0,0.0,4.0,8.0,0
0,309.0,74.0,779.0,19.0,55.0,54.0,420.0,375.0,4.11,34.0,814.0,54.0,312.0,356.0,0
0,205.0,14.0,286.0,0.0,11.0,20.0,109.0,137.0,3.12,17.0,252.0,20.0,111.0,99.0,0
0,199.0,19.0,1318.0,95.0,90.0,5.0,671.0,594.0,2.85,62.0,1329.0,5.0,332.0,417.0,0
0,285.0,67.0,711.0,7.0,41.0,16.0,375.0,434.0,4.24,33.0,753.0,16.0,238.0,335.0,0
0,16.0,3.0,30.2,0.0,2.0,0.0,23.0,7.0,6.56,2.0,38.0,0.0,14.0,22.0,0
0,2.0,0.0,3.2,0.0,0.0,0.0,3.0,1.0,8.44,0.0,5.0,0.0,1.0,3.0,0
0,71.0,32.0,295.1,11.0,27.0,4.0,203.0,173.0,5.83,19.0,352.0,4.0,116.0,191.0,0
0,47.0,5.0,66.1,0.0,2.0,5.0,34.0,36.0,4.08,0.0,63.0,5.0,24.0,30.0,0
0,154.0,29.0,424.0,3.0,23.0,4.0,183.0,258.0,3.54,20.0,417.0,4.0,174.0,167.0,0
0,14.0,8.0,33.0,0.0,3.0,0.0,32.0,26.0,7.36,1.0,51.0,0.0,14.0,27.0,0
0,26.0,6.0,58.1,2.0,2.0,1.0,37.0,21.0,5.42,2.0,60.0,1.0,26.0,35.0,0
0,3.0,0.0,10.0,0.0,1.0,0.0,3.0,4.0,2.7,0.0,14.0,0.0,2.0,3.0,0
0,43.0,3.0,178.1,5.0,10.0,3.0,86.0,58.0,3.18,11.0,176.0,3.0,74.0,63.0,0
0,5.0,0.0,21.0,0.0,0.0,0.0,11.0,12.0,4.29,0.0,28.0,0.0,5.0,10.0,0
0,639.0,122.0,1830.2,21.0,96.0,35.0,915.0,857.0,3.93,96.0,1975.0,35.0,549.0,799.0,0
0,9.0,8.0,49.1,2.0,3.0,0.0,73.0,19.0,8.07,0.0,85.0,0.0,40.0,44.0,0
0,56.0,13.0,152.0,4.0,13.0,2.0,101.0,62.0,5.15,6.0,177.0,2.0,75.0,87.0,0
0,323.0,60.0,703.2,3.0,28.0,22.0,345.0,408.0,4.06,41.0,715.0,22.0,261.0,317.0,0
0,1.0,0.0,2.0,0.0,1.0,0.0,1.0,0.0,4.5,0.0,2.0,0.0,2.0,1.0,0
0,102.0,17.0,169.2,0.0,8.0,4.0,91.0,135.0,4.47,9.0,154.0,4.0,91.0,84.0,0
0,195.0,71.0,734.2,21.0,44.0,15.0,399.0,356.0,4.19,45.0,745.0,15.0,284.0,342.0,0
0,51.0,17.0,142.0,4.0,11.0,3.0,100.0,82.0,4.82,7.0,146.0,3.0,61.0,76.0,0
0,1.0,1.0,1.2,0.0,0.0,0.0,4.0,2.0,30.0,0.0,4.0,0.0,3.0,4.0,0
0,6.0,1.0,52.0,6.0,5.0,0.0,49.0,19.0,5.02,1.0,57.0,0.0,21.0,29.0,0
0,12.0,1.0,39.2,0.0,5.0,0.0,27.0,18.0,5.51,0.0,39.0,0.0,46.0,24.0,0
0,36.0,17.0,160.1,6.0,11.0,1.0,98.0,64.0,4.67,8.0,150.0,1.0,96.0,83.0,0
0,197.0,26.0,234.1,0.0,9.0,3.0,120.0,142.0,4.34,8.0,234.0,3.0,107.0,113.0,0
0,407.0,25.0,394.0,0.0,23.0,71.0,204.0,325.0,4.0,18.0,397.0,71.0,212.0,175.0,0
0,3.0,0.0,16.0,1.0,1.0,0.0,14.0,3.0,7.31,0.0,18.0,0.0,8.0,13.0,0
0,101.0,16.0,147.0,0.0,5.0,6.0,54.0,151.0,3.12,7.0,115.0,6.0,83.0,51.0,0
0,14.0,2.0,18.1,0.0,2.0,3.0,16.0,9.0,6.46,0.0,16.0,3.0,15.0,13.0,0
0,139.0,9.0,135.0,0.0,2.0,2.0,42.0,111.0,2.73,10.0,106.0,2.0,35.0,41.0,0
0,27.0,3.0,71.0,1.0,3.0,0.0,43.0,23.0,4.94,2.0,83.0,0.0,40.0,39.0,0
0,1.0,0.0,2.1,0.0,1.0,0.0,4.0,0.0,17.14,0.0,8.0,0.0,0.0,4.0,0
0,129.0,33.0,208.1,0.0,10.0,5.0,129.0,142.0,4.8,8.0,231.0,5.0,63.0,111.0,0
0,9.0,3.0,22.0,0.0,1.0,0.0,18.0,8.0,7.36,0.0,25.0,0.0,12.0,18.0,0
0,2.0,1.0,1.0,0.0,1.0,0.0,1.0,0.0,9.0,0.0,1.0,0.0,1.0,1.0,0
0,2.0,0.0,1.2,0.0,1.0,0.0,1.0,2.0,7.5,0.0,4.0,0.0,1.0,1.0,0
0,81.0,20.0,297.1,9.0,19.0,3.0,171.0,90.0,4.24,17.0,307.0,3.0,128.0,140.0,0
0,1.0,0.0,1.0,0.0,0.0,0.0,0.0,1.0,0.0,0.0,0.0,0.0,1.0,0.0,0
0,24.0,0.0,31.1,0.0,1.0,0.0,15.0,18.0,4.05,0.0,33.0,0.0,8.0,14.0,0
0,14.0,3.0,42.1,0.0,3.0,0.0,27.0,21.0,5.56,0.0,46.0,0.0,18.0,26.0,0
0,6.0,1.0,12.1,0.0,1.0,0.0,10.0,5.0,2.98,0.0,16.0,0.0,9.0,4.0,0
0,71.0,9.0,194.0,0.0,10.0,0.0,99.0,119.0,3.94,12.0,198.0,0.0,113.0,85.0,0
0,16.0,0.0,21.1,0.0,2.0,0.0,17.0,9.0,5.97,2.0,26.0,0.0,23.0,14.0,0
0,93.0,7.0,605.1,47.0,20.0,1.0,209.0,193.0,2.29,43.0,487.0,1.0,170.0,154.0,0
0,744.0,353.0,5008.1,109.0,227.0,0.0,1981.0,3371.0,3.16,355.0,4726.0,0.0,999.0,1756.0,1
0,472.0,67.0,861.2,2.0,37.0,20.0,428.0,564.0,4.05,39.0,873.0,20.0,284.0,388.0,0
0,74.0,16.0,158.0,0.0,7.0,0.0,117.0,70.0,5.7,8.0,173.0,0.0,103.0,100.0,0
0,14.0,4.0,46.1,1.0,3.0,0.0,30.0,16.0,5.66,2.0,58.0,0.0,21.0,29.0,0
0,44.0,6.0,48.2,0.0,2.0,1.0,36.0,27.0,6.16,0.0,54.0,1.0,26.0,33.0,0
0,16.0,4.0,92.1,1.0,4.0,0.0,36.0,61.0,3.42,6.0,78.0,0.0,34.0,35.0,0
0,497.0,61.0,637.2,0.0,30.0,52.0,269.0,555.0,3.56,47.0,629.0,52.0,194.0,252.0,0
0,68.0,43.0,260.0,0.0,19.0,0.0,171.0,140.0,5.78,10.0,272.0,0.0,118.0,167.0,0
0,2.0,1.0,8.0,0.0,1.0,0.0,3.0,3.0,1.13,0.0,7.0,0.0,3.0,1.0,0
0,141.0,41.0,611.2,4.0,35.0,0.0,289.0,405.0,3.95,37.0,542.0,0.0,278.0,268.0,0
0,52.0,3.0,269.2,13.0,25.0,1.0,157.0,94.0,3.88,1.0,266.0,1.0,131.0,116.0,0
0,16.0,4.0,41.2,0.0,6.0,0.0,37.0,26.0,7.86,1.0,56.0,0.0,30.0,36.0,0
0,13.0,5.0,54.1,1.0,3.0,1.0,28.0,23.0,3.49,5.0,60.0,1.0,12.0,21.0,0
0,318.0,217.0,1954.2,31.0,105.0,0.0,1061.0,1242.0,4.51,129.0,2188.0,0.0,586.0,980.0,0
0,87.0,37.0,418.2,11.0,13.0,0.0,220.0,170.0,4.15,20.0,431.0,0.0,210.0,193.0,0
0,15.0,6.0,67.1,2.0,8.0,0.0,60.0,21.0,6.44,3.0,87.0,0.0,38.0,48.0,0
0,90.0,8.0,224.1,3.0,8.0,1.0,138.0,101.0,4.7,10.0,222.0,1.0,127.0,117.0,0
0,31.0,11.0,38.1,0.0,3.0,1.0,34.0,38.0,7.56,0.0,47.0,1.0,9.0,32.0,0
0,10.0,2.0,22.2,0.0,1.0,0.0,27.0,19.0,10.95,0.0,26.0,0.0,27.0,27.0,0
0,49.0,8.0,43.0,0.0,3.0,0.0,30.0,39.0,5.02,1.0,57.0,0.0,26.0,24.0,0
0,39.0,2.0,137.2,6.0,6.0,1.0,75.0,43.0,3.94,5.0,162.0,1.0,29.0,60.0,0
0,17.0,7.0,34.1,0.0,2.0,0.0,22.0,26.0,4.49,1.0,37.0,0.0,17.0,17.0,0
0,266.0,81.0,702.0,17.0,33.0,58.0,318.0,454.0,3.6,43.0,606.0,58.0,335.0,281.0,0
0,1.0,3.0,2.2,0.0,0.0,0.0,4.0,1.0,16.36,0.0,5.0,0.0,4.0,4.0,0
0,96.0,50.0,396.2,9.0,27.0,0.0,218.0,220.0,4.45,14.0,398.0,0.0,177.0,196.0,0
0,97.0,48.0,396.2,0.0,18.0,0.0,213.0,326.0,4.66,26.0,394.0,0.0,150.0,205.0,0
0,201.0,108.0,1107.1,36.0,64.0,4.0,490.0,771.0,3.59,68.0,1050.0,4.0,401.0,441.0,0
0,34.0,16.0,114.0,1.0,5.0,0.0,65.0,53.0,4.5,3.0,123.0,0.0,48.0,57.0,0
0,777.0,84.0,917.0,0.0,34.0,377.0,317.0,967.0,2.89,62.0,685.0,377.0,340.0,294.0,0
0,2.0,2.0,11.2,0.0,2.0,0.0,9.0,8.0,7.23,0.0,12.0,0.0,8.0,9.0,0
0,130.0,24.0,160.2,0.0,5.0,5.0,86.0,119.0,4.55,5.0,137.0,5.0,77.0,81.0,0
0,361.0,214.0,2055.1,32.0,126.0,2.0,1206.0,1113.0,4.72,116.0,2313.0,2.0,690.0,1078.0,0
0,130.0,32.0,212.1,0.0,9.0,17.0,97.0,151.0,3.65,7.0,191.0,17.0,70.0,86.0,0
0,181.0,34.0,1010.1,66.0,83.0,0.0,584.0,282.0,3.94,42.0,1174.0,0.0,346.0,442.0,0
0,52.0,5.0,112.1,1.0,7.0,2.0,57.0,64.0,3.93,5.0,89.0,2.0,80.0,49.0,0
0,392.0,250.0,1890.1,20.0,92.0,3.0,948.0,1415.0,4.24,124.0,1887.0,3.0,594.0,891.0,0
0,113.0,13.0,124.0,0.0,4.0,0.0,74.0,93.0,5.08,5.0,161.0,0.0,51.0,70.0,0
0,12.0,5.0,54.2,0.0,6.0,0.0,45.0,31.0,7.14,1.0,63.0,0.0,32.0,43.0,0
0,66.0,23.0,162.2,2.0,6.0,3.0,81.0,81.0,4.05,6.0,170.0,3.0,57.0,73.0,0
0,451.0,107.0,2707.2,181.0,120.0,14.0,1164.0,844.0,3.2,184.0,2715.0,14.0,640.0,964.0,0
0,75.0,22.0,148.2,0.0,8.0,1.0,86.0,81.0,4.8,4.0,135.0,1.0,87.0,79.0,0
0,12.0,4.0,74.0,0.0,3.0,0.0,30.0,46.0,3.28,5.0,67.0,0.0,15.0,27.0,0
0,6.0,2.0,12.2,0.0,0.0,0.0,8.0,3.0,5.9,0.0,16.0,0.0,4.0,8.0,0
0,11.0,1.0,20.0,0.0,0.0,0.0,14.0,2.0,5.85,0.0,25.0,0.0,16.0,13.0,0
0,2.0,0.0,9.0,0.0,0.0,0.0,4.0,1.0,2.0,0.0,11.0,0.0,4.0,2.0,0
0,3.0,1.0,26.0,3.0,2.0,0.0,21.0,6.0,4.5,1.0,26.0,0.0,8.0,13.0,0
0,14.0,4.0,42.0,1.0,2.0,0.0,18.0,15.0,3.0,2.0,42.0,0.0,13.0,14.0,0
0,64.0,3.0,432.0,36.0,25.0,0.0,172.0,204.0,2.63,29.0,391.0,0.0,159.0,126.0,1
0,13.0,1.0,29.0,0.0,3.0,0.0,22.0,17.0,5.9,1.0,43.0,0.0,11.0,19.0,0
0,6.0,2.0,12.1,0.0,0.0,0.0,11.0,7.0,5.21,0.0,12.0,0.0,11.0,7.0,0
0,3.0,0.0,4.0,0.0,0.0,1.0,5.0,0.0,11.25,0.0,2.0,1.0,9.0,5.0,0
0,129.0,36.0,318.2,6.0,17.0,2.0,187.0,177.0,4.89,14.0,343.0,2.0,163.0,173.0,0
0,35.0,18.0,120.2,0.0,10.0,0.0,76.0,71.0,5.32,4.0,112.0,0.0,59.0,71.0,0
0,399.0,38.0,386.2,0.0,11.0,8.0,113.0,356.0,2.42,25.0,292.0,8.0,98.0,104.0,0
0,21.0,4.0,87.1,3.0,9.0,2.0,50.0,8.0,4.55,3.0,105.0,2.0,21.0,44.0,0
0,257.0,78.0,751.0,13.0,55.0,10.0,382.0,377.0,4.07,39.0,780.0,10.0,260.0,340.0,0
0,11.0,4.0,19.2,0.0,1.0,0.0,12.0,16.0,4.69,0.0,22.0,0.0,10.0,10.0,0
0,401.0,20.0,345.2,0.0,11.0,1.0,129.0,267.0,2.97,21.0,311.0,1.0,119.0,114.0,0
0,2.0,0.0,12.2,0.0,1.0,0.0,3.0,4.0,2.21,1.0,10.0,0.0,7.0,3.0,0
0,142.0,48.0,440.2,2.0,19.0,3.0,240.0,248.0,4.35,17.0,461.0,3.0,149.0,213.0,0
0,13.0,2.0,25.1,0.0,0.0,0.0,28.0,8.0,9.32,0.0,44.0,0.0,14.0,26.0,0
0,8.0,0.0,68.0,8.0,8.0,0.0,95.0,19.0,9.26,0.0,111.0,0.0,45.0,70.0,0
0,66.0,14.0,355.2,19.0,26.0,0.0,208.0,144.0,4.76,15.0,348.0,0.0,260.0,188.0,0
0,4.0,0.0,5.0,0.0,0.0,0.0,1.0,2.0,1.8,0.0,3.0,0.0,4.0,1.0,0
0,27.0,5.0,46.2,0.0,1.0,1.0,38.0,23.0,6.23,1.0,58.0,1.0,24.0,32.0,0
0,74.0,21.0,191.2,0.0,10.0,3.0,135.0,116.0,5.74,4.0,206.0,3.0,133.0,122.0,0
0,5.0,2.0,5.2,0.0,0.0,0.0,7.0,7.0,12.12,0.0,8.0,0.0,1.0,7.0,0
0,18.0,9.0,50.1,0.0,3.0,0.0,37.0,34.0,5.93,4.0,55.0,0.0,23.0,33.0,0
0,248.0,28.0,1410.1,86.0,69.0,17.0,602.0,488.0,3.01,85.0,1393.0,17.0,356.0,472.0,0
0,4.0,0.0,16.1,0.0,0.0,0.0,7.0,3.0,3.91,1.0,23.0,0.0,10.0,7.0,0
0,42.0,7.0,62.0,0.0,1.0,1.0,29.0,34.0,4.06,4.0,63.0,1.0,25.0,28.0,0
0,386.0,181.0,1571.1,4.0,91.0,6.0,823.0,1121.0,4.32,108.0,1612.0,6.0,551.0,754.0,0
0,85.0,9.0,232.1,3.0,9.0,4.0,141.0,147.0,4.96,4.0,254.0,4.0,95.0,128.0,0
0,285.0,42.0,790.0,14.0,49.0,76.0,369.0,519.0,3.53,57.0,727.0,76.0,421.0,310.0,0
0,31.0,4.0,69.1,3.0,3.0,0.0,56.0,15.0,6.25,3.0,86.0,0.0,44.0,48.0,0
0,4.0,1.0,22.0,1.0,3.0,0.0,27.0,11.0,6.95,0.0,34.0,0.0,15.0,17.0,0
0,95.0,15.0,314.2,12.0,16.0,5.0,172.0,100.0,4.04,15.0,372.0,5.0,106.0,141.0,0
0,2.0,0.0,16.0,1.0,0.0,0.0,12.0,6.0,4.5,1.0,21.0,0.0,7.0,8.0,0
0,179.0,29.0,476.0,7.0,31.0,33.0,191.0,288.0,3.29,28.0,429.0,33.0,180.0,174.0,0
0,95.0,12.0,150.0,0.0,1.0,1.0,67.0,101.0,3.36,10.0,144.0,1.0,80.0,56.0,0
0,314.0,66.0,450.0,1.0,18.0,3.0,278.0,331.0,5.24,25.0,496.0,3.0,178.0,262.0,0
0,134.0,44.0,372.0,2.0,20.0,7.0,190.0,270.0,4.43,17.0,348.0,7.0,158.0,183.0,0
0,1.0,0.0,0.0,0.0,0.0,0.0,3.0,0.0,99.99,0.0,0.0,0.0,3.0,3.0,0
0,246.0,72.0,839.1,20.0,55.0,12.0,432.0,423.0,4.23,41.0,806.0,12.0,399.0,394.0,0
0,328.0,52.0,505.1,0.0,23.0,10.0,231.0,278.0,3.63,24.0,519.0,10.0,139.0,204.0,0
0,3.0,0.0,3.0,0.0,0.0,0.0,2.0,1.0,6.0,0.0,6.0,0.0,5.0,2.0,0
0,4.0,2.0,34.0,4.0,4.0,0.0,33.0,9.0,3.44,0.0,46.0,0.0,20.0,13.0,0
0,212.0,78.0,1085.0,10.0,59.0,2.0,515.0,748.0,3.78,64.0,1036.0,2.0,434.0,456.0,0
0,558.0,303.0,3948.0,211.0,152.0,4.0,1395.0,2212.0,2.86,268.0,3349.0,4.0,1311.0,1253.0,1
0,106.0,41.0,316.2,2.0,18.0,0.0,196.0,239.0,5.29,5.0,302.0,0.0,202.0,186.0,0
0,63.0,15.0,185.1,1.0,7.0,0.0,101.0,98.0,4.57,13.0,181.0,0.0,94.0,94.0,0
0,41.0,4.0,141.0,5.0,15.0,0.0,104.0,48.0,5.17,6.0,172.0,0.0,83.0,81.0,0
0,36.0,13.0,68.2,0.0,3.0,1.0,47.0,41.0,5.15,1.0,77.0,1.0,36.0,39.0,0
0,270.0,40.0,357.0,0.0,21.0,13.0,190.0,276.0,4.49,18.0,354.0,13.0,188.0,178.0,0
0,85.0,12.0,130.0,0.0,13.0,0.0,90.0,56.0,5.26,7.0,156.0,0.0,60.0,76.0,0
0,3.0,1.0,2.0,0.0,0.0,0.0,5.0,3.0,22.5,0.0,5.0,0.0,4.0,5.0,0
0,88.0,17.0,239.2,8.0,14.0,4.0,171.0,70.0,5.38,9.0,281.0,4.0,138.0,143.0,0
0,51.0,3.0,282.1,13.0,9.0,3.0,121.0,84.0,2.81,13.0,287.0,3.0,91.0,88.0,0
0,599.0,47.0,633.2,0.0,29.0,328.0,186.0,727.0,2.35,35.0,483.0,328.0,159.0,165.0,1
0,149.0,26.0,581.0,18.0,29.0,9.0,266.0,255.0,3.58,26.0,541.0,9.0,319.0,231.0,0
0,2.0,0.0,12.0,1.0,1.0,0.0,16.0,3.0,10.5,0.0,22.0,0.0,6.0,14.0,0
0,520.0,298.0,3186.0,129.0,164.0,4.0,1331.0,1728.0,3.4,209.0,3046.0,4.0,858.0,1203.0,1
0,12.0,2.0,23.0,0.0,4.0,0.0,24.0,13.0,8.22,0.0,37.0,0.0,15.0,21.0,0
0,476.0,230.0,1993.0,10.0,98.0,2.0,1046.0,1715.0,4.36,124.0,1872.0,2.0,910.0,965.0,0
0,42.0,4.0,122.0,2.0,5.0,0.0,56.0,40.0,3.02,4.0,114.0,0.0,46.0,41.0,0
0,74.0,10.0,73.1,0.0,3.0,1.0,37.0,85.0,3.69,2.0,73.0,1.0,24.0,30.0,0
0,57.0,2.0,55.2,0.0,3.0,6.0,16.0,56.0,2.61,3.0,43.0,6.0,19.0,16.0,0
0,729.0,70.0,715.2,0.0,43.0,72.0,328.0,555.0,3.76,46.0,717.0,72.0,190.0,299.0,0
0,34.0,2.0,52.2,0.0,0.0,0.0,35.0,20.0,5.69,0.0,63.0,0.0,26.0,33.0,0
0,841.0,112.0,1255.2,1.0,78.0,21.0,601.0,725.0,3.83,68.0,1442.0,21.0,336.0,534.0,0
0,6.0,3.0,49.0,5.0,2.0,0.0,47.0,16.0,6.24,3.0,63.0,0.0,17.0,34.0,0
0,146.0,68.0,556.2,15.0,40.0,1.0,354.0,328.0,5.1,27.0,567.0,1.0,329.0,315.0,0
0,140.0,36.0,389.2,6.0,17.0,14.0,154.0,306.0,3.14,20.0,336.0,14.0,143.0,136.0,0
0,66.0,70.0,326.1,2.0,30.0,0.0,243.0,237.0,6.15,14.0,364.0,0.0,175.0,223.0,0
0,1.0,0.0,2.0,0.0,0.0,0.0,5.0,0.0,9.0,0.0,5.0,0.0,1.0,2.0,0
0,9.0,2.0,24.0,0.0,0.0,0.0,9.0,4.0,3.38,0.0,20.0,0.0,10.0,9.0,0
0,756.0,103.0,3920.1,243.0,218.0,56.0,1837.0,1329.0,3.29,247.0,4238.0,56.0,860.0,1433.0,1
0,3.0,1.0,17.0,1.0,1.0,0.0,15.0,4.0,4.76,0.0,23.0,0.0,6.0,9.0,0
0,3.0,0.0,5.0,0.0,0.0,0.0,4.0,2.0,7.2,0.0,3.0,0.0,3.0,4.0,0
0,94.0,50.0,558.2,0.0,25.0,0.0,249.0,439.0,3.63,25.0,556.0,0.0,155.0,225.0,1
0,22.0,2.0,19.2,0.0,3.0,0.0,12.0,16.0,5.16,2.0,30.0,0.0,20.0,11.0,0
0,1.0,1.0,1.2,0.0,1.0,0.0,7.0,1.0,52.5,0.0,4.0,0.0,5.0,7.0,0
0,14.0,6.0,48.1,0.0,2.0,0.0,33.0,30.0,5.24,3.0,59.0,0.0,26.0,28.0,0
0,674.0,59.0,1043.1,0.0,46.0,244.0,356.0,379.0,2.76,56.0,1064.0,244.0,162.0,320.0,1
0,11.0,5.0,27.0,0.0,4.0,0.0,12.0,16.0,3.67,0.0,30.0,0.0,9.0,11.0,0
0,2.0,0.0,10.0,1.0,1.0,0.0,5.0,10.0,4.5,0.0,9.0,0.0,5.0,5.0,0
0,8.0,0.0,6.1,0.0,0.0,0.0,7.0,2.0,8.85,0.0,8.0,0.0,5.0,6.0,0
0,381.0,65.0,693.2,0.0,43.0,120.0,260.0,745.0,3.13,52.0,532.0,120.0,296.0,241.0,1
0,2.0,0.0,10.0,0.0,0.0,0.0,3.0,1.0,2.7,0.0,6.0,0.0,4.0,3.0,0
0,1.0,0.0,2.0,0.0,0.0,0.0,0.0,0.0,0.0,0.0,2.0,0.0,0.0,0.0,0
0,557.0,33.0,481.2,0.0,25.0,52.0,208.0,358.0,3.44,42.0,461.0,52.0,209.0,184.0,0
0,378.0,326.0,2451.0,37.0,139.0,0.0,1233.0,1467.0,4.22,148.0,2643.0,0.0,445.0,1150.0,1
0,7.0,7.0,8.2,0.0,1.0,0.0,12.0,3.0,13.17,0.0,15.0,0.0,4.0,12.0,0
0,2.0,1.0,4.0,0.0,0.0,0.0,3.0,0.0,6.75,0.0,3.0,0.0,4.0,3.0,0
0,396.0,191.0,2151.2,133.0,154.0,16.0,993.0,806.0,3.6,119.0,2257.0,16.0,449.0,860.0,1
0,45.0,6.0,72.1,0.0,3.0,1.0,35.0,38.0,4.12,1.0,81.0,1.0,25.0,33.0,0
0,283.0,38.0,1608.1,93.0,104.0,6.0,694.0,680.0,2.99,77.0,1555.0,6.0,470.0,534.0,0
0,3.0,0.0,18.0,2.0,2.0,0.0,30.0,7.0,6.0,0.0,40.0,0.0,7.0,12.0,0
0,29.0,3.0,46.2,0.0,3.0,1.0,42.0,32.0,8.18,2.0,75.0,1.0,25.0,42.0,0
0,23.0,6.0,76.0,0.0,4.0,0.0,65.0,15.0,7.11,1.0,105.0,0.0,31.0,60.0,0
0,19.0,13.0,95.1,2.0,8.0,0.0,66.0,35.0,5.87,7.0,125.0,0.0,31.0,62.0,0
0,53.0,11.0,64.1,0.0,5.0,0.0,42.0,66.0,5.48,3.0,74.0,0.0,34.0,39.0,0
0,141.0,53.0,669.2,10.0,35.0,2.0,383.0,300.0,4.51,43.0,738.0,2.0,287.0,335.0,0
0,55.0,14.0,115.1,0.0,4.0,2.0,65.0,76.0,4.61,3.0,128.0,2.0,46.0,59.0,0
0,14.0,3.0,19.0,0.0,0.0,0.0,7.0,14.0,3.32,1.0,17.0,0.0,4.0,7.0,0
0,13.0,6.0,24.2,0.0,0.0,0.0,24.0,16.0,8.93,2.0,35.0,0.0,11.0,24.0,0
0,195.0,88.0,761.1,20.0,47.0,5.0,414.0,484.0,4.33,36.0,771.0,5.0,304.0,366.0,0
0,18.0,0.0,85.2,3.0,10.0,0.0,47.0,28.0,4.12,1.0,93.0,0.0,21.0,39.0,0
0,14.0,9.0,38.1,0.0,2.0,0.0,32.0,30.0,7.09,1.0,44.0,0.0,19.0,30.0,0
0,5.0,0.0,12.0,0.0,1.0,0.0,12.0,4.0,8.25,0.0,19.0,0.0,5.0,11.0,0
0,1.0,0.0,3.2,0.0,0.0,0.0,8.0,4.0,16.88,0.0,6.0,0.0,4.0,6.0,0
0,11.0,6.0,57.0,1.0,4.0,0.0,22.0,20.0,3.47,4.0,46.0,0.0,30.0,22.0,0
0,103.0,20.0,109.1,0.0,2.0,2.0,66.0,126.0,5.2,7.0,102.0,2.0,66.0,63.0,0
0,39.0,28.0,160.1,0.0,15.0,0.0,123.0,96.0,6.41,4.0,201.0,0.0,54.0,114.0,0
0,20.0,1.0,21.1,0.0,1.0,0.0,13.0,22.0,5.55,0.0,24.0,0.0,20.0,13.0,0
0,91.0,12.0,114.0,0.0,4.0,0.0,52.0,56.0,3.95,8.0,111.0,0.0,22.0,50.0,0
0,50.0,32.0,213.0,0.0,13.0,0.0,130.0,171.0,5.11,7.0,223.0,0.0,78.0,121.0,0
0,21.0,2.0,30.0,0.0,3.0,0.0,18.0,13.0,5.4,1.0,30.0,0.0,16.0,18.0,0
0,169.0,83.0,688.1,3.0,35.0,0.0,394.0,318.0,4.66,40.0,758.0,0.0,264.0,356.0,0
0,18.0,6.0,24.0,0.0,1.0,0.0,22.0,16.0,7.5,0.0,30.0,0.0,15.0,20.0,0
0,8.0,2.0,10.0,0.0,2.0,0.0,6.0,10.0,5.4,0.0,11.0,0.0,7.0,6.0,0
0,55.0,2.0,46.2,0.0,3.0,3.0,12.0,57.0,1.56,4.0,30.0,3.0,20.0,8.0,0
0,424.0,32.0,434.2,0.0,21.0,9.0,182.0,364.0,3.42,23.0,370.0,9.0,190.0,165.0,0
0,16.0,5.0,39.1,0.0,1.0,0.0,13.0,29.0,2.99,1.0,25.0,0.0,15.0,13.0,0
0,53.0,12.0,55.0,0.0,5.0,1.0,55.0,49.0,7.69,2.0,80.0,1.0,34.0,47.0,0
0,4.0,1.0,3.1,0.0,0.0,0.0,3.0,1.0,8.71,0.0,6.0,0.0,2.0,3.0,0
0,156.0,7.0,163.2,0.0,4.0,0.0,53.0,186.0,2.65,10.0,106.0,0.0,94.0,48.0,0
0,193.0,21.0,250.2,0.0,11.0,1.0,116.0,202.0,3.88,6.0,235.0,1.0,106.0,108.0,0
0,165.0,60.0,509.0,3.0,30.0,2.0,301.0,251.0,5.02,29.0,592.0,2.0,186.0,284.0,0
0,426.0,266.0,2842.0,38.0,122.0,0.0,1259.0,2457.0,3.63,208.0,2665.0,0.0,848.0,1147.0,1
0,50.0,10.0,61.0,0.0,2.0,0.0,35.0,31.0,5.02,3.0,71.0,0.0,18.0,34.0,0
0,399.0,218.0,2562.2,76.0,117.0,1.0,1036.0,1715.0,3.34,167.0,2452.0,1.0,471.0,952.0,1
0,3.0,1.0,4.2,0.0,0.0,0.0,2.0,2.0,4.29,0.0,6.0,0.0,3.0,2.0,0
0,563.0,240.0,2500.1,85.0,131.0,7.0,1206.0,1614.0,3.78,135.0,2456.0,7.0,922.0,1051.0,0
0,39.0,8.0,49.2,0.0,1.0,0.0,26.0,50.0,4.57,0.0,41.0,0.0,30.0,25.0,0
0,42.0,2.0,30.0,0.0,2.0,0.0,12.0,33.0,3.6,1.0,26.0,0.0,16.0,12.0,0
0,7.0,1.0,15.1,0.0,1.0,0.0,11.0,12.0,6.56,1.0,16.0,0.0,6.0,11.0,0
0,115.0,41.0,439.2,13.0,27.0,6.0,209.0,257.0,3.87,20.0,416.0,6.0,130.0,189.0,0
0,4.0,1.0,9.0,0.0,1.0,0.0,6.0,1.0,6.0,0.0,7.0,0.0,9.0,6.0,0
0,6.0,2.0,28.1,0.0,4.0,0.0,15.0,17.0,4.48,2.0,28.0,0.0,17.0,14.0,0
0,43.0,16.0,84.1,0.0,3.0,1.0,58.0,39.0,5.78,2.0,103.0,1.0,31.0,54.0,0
0,1.0,0.0,6.0,0.0,0.0,0.0,0.0,7.0,0.0,1.0,2.0,0.0,3.0,0.0,0
0,123.0,32.0,283.2,0.0,15.0,5.0,186.0,164.0,5.37,12.0,332.0,5.0,99.0,169.0,0
0,412.0,179.0,2125.2,140.0,116.0,53.0,947.0,910.0,3.49,139.0,2145.0,53.0,619.0,824.0,1
0,2.0,5.0,10.0,0.0,1.0,0.0,12.0,2.0,10.8,0.0,22.0,0.0,0.0,12.0,0
0,338.0,25.0,338.0,0.0,15.0,84.0,99.0,400.0,2.34,21.0,250.0,84.0,108.0,88.0,0
0,252.0,25.0,259.1,0.0,14.0,24.0,104.0,256.0,3.51,11.0,222.0,24.0,85.0,101.0,0
0,47.0,8.0,52.2,0.0,1.0,0.0,31.0,42.0,4.48,1.0,54.0,0.0,24.0,26.0,0
0,13.0,4.0,17.0,0.0,0.0,0.0,16.0,9.0,8.47,1.0,25.0,0.0,14.0,16.0,0
0,32.0,22.0,175.0,1.0,11.0,0.0,78.0,206.0,3.75,10.0,173.0,0.0,55.0,73.0,0
0,168.0,64.0,693.2,7.0,29.0,12.0,227.0,753.0,2.75,46.0,565.0,12.0,176.0,212.0,1
0,1.0,0.0,1.0,0.0,0.0,0.0,0.0,0.0,0.0,0.0,2.0,0.0,0.0,0.0,0
0,2.0,1.0,6.0,0.0,0.0,0.0,10.0,0.0,13.5,0.0,15.0,0.0,2.0,9.0,0
0,45.0,25.0,189.1,1.0,10.0,0.0,120.0,141.0,5.62,10.0,203.0,0.0,103.0,118.0,0
0,476.0,68.0,2821.2,189.0,143.0,36.0,1092.0,836.0,2.56,174.0,2729.0,36.0,573.0,804.0,1
0,26.0,3.0,24.0,0.0,1.0,0.0,11.0,22.0,4.13,0.0,22.0,0.0,10.0,11.0,0
0,2.0,0.0,5.0,0.0,0.0,0.0,7.0,5.0,9.0,1.0,7.0,0.0,4.0,5.0,0
0,2.0,1.0,15.1,1.0,1.0,0.0,7.0,6.0,4.17,0.0,17.0,0.0,9.0,7.0,0
0,87.0,21.0,272.2,8.0,9.0,4.0,143.0,85.0,4.0,9.0,302.0,4.0,87.0,121.0,0
0,135.0,42.0,721.1,40.0,50.0,1.0,352.0,247.0,3.69,33.0,723.0,1.0,284.0,296.0,0
0,226.0,83.0,804.2,5.0,49.0,1.0,382.0,755.0,3.84,37.0,741.0,1.0,282.0,343.0,0
0,461.0,48.0,629.0,1.0,38.0,84.0,241.0,489.0,3.03,37.0,562.0,84.0,195.0,212.0,0
0,182.0,26.0,299.1,0.0,21.0,2.0,138.0,176.0,3.73,25.0,312.0,2.0,133.0,124.0,0
0,35.0,17.0,88.1,0.0,2.0,0.0,68.0,72.0,6.84,4.0,117.0,0.0,40.0,67.0,0
0,174.0,40.0,358.2,0.0,15.0,3.0,190.0,176.0,4.42,20.0,390.0,3.0,87.0,176.0,0
0,2.0,1.0,6.0,0.0,0.0,0.0,11.0,1.0,16.5,0.0,10.0,0.0,6.0,11.0,0
0,20.0,5.0,27.0,0.0,2.0,0.0,14.0,24.0,4.33,1.0,26.0,0.0,11.0,13.0,0
0,28.0,18.0,138.2,0.0,10.0,0.0,69.0,86.0,4.17,8.0,156.0,0.0,44.0,64.0,0
0,195.0,36.0,235.0,0.0,7.0,0.0,112.0,204.0,3.75,13.0,209.0,0.0,122.0,98.0,0
0,27.0,4.0,47.0,0.0,4.0,3.0,13.0,36.0,2.3,3.0,28.0,3.0,21.0,12.0,0
0,4.0,1.0,11.2,0.0,1.0,0.0,13.0,4.0,10.45,0.0,16.0,0.0,14.0,13.0,0
0,200.0,97.0,1199.2,8.0,66.0,0.0,525.0,1062.0,3.58,71.0,1135.0,0.0,412.0,477.0,1
0,288.0,33.0,298.2,0.0,11.0,8.0,145.0,214.0,4.1,19.0,292.0,8.0,126.0,136.0,0
0,47.0,4.0,51.1,0.0,3.0,5.0,21.0,53.0,3.7,3.0,30.0,5.0,34.0,21.0,0
0,139.0,16.0,148.1,0.0,5.0,2.0,81.0,119.0,4.31,6.0,131.0,2.0,82.0,71.0,0
0,9.0,1.0,11.2,0.0,1.0,0.0,16.0,0.0,11.25,0.0,16.0,0.0,10.0,14.0,0
0,15.0,6.0,54.1,0.0,1.0,0.0,31.0,40.0,4.49,1.0,59.0,0.0,18.0,27.0,0
0,7.0,0.0,17.2,0.0,1.0,1.0,13.0,9.0,6.8,0.0,22.0,1.0,5.0,13.0,0
0,168.0,29.0,243.1,0.0,12.0,10.0,115.0,221.0,4.0,14.0,226.0,10.0,84.0,108.0,0
0,28.0,2.0,27.1,0.0,1.0,0.0,9.0,23.0,2.99,0.0,23.0,0.0,14.0,9.0,0
0,99.0,17.0,98.2,0.0,6.0,27.0,38.0,88.0,3.39,8.0,81.0,27.0,40.0,37.0,0
0,195.0,96.0,853.2,12.0,56.0,1.0,431.0,449.0,4.12,38.0,844.0,1.0,334.0,391.0,0
0,43.0,26.0,232.2,1.0,19.0,0.0,147.0,129.0,5.31,12.0,275.0,0.0,108.0,137.0,0
0,242.0,58.0,460.0,0.0,25.0,0.0,264.0,337.0,4.79,16.0,459.0,0.0,213.0,245.0,0
0,251.0,18.0,271.1,0.0,14.0,7.0,130.0,146.0,3.92,7.0,289.0,7.0,98.0,118.0,0
0,170.0,37.0,691.2,31.0,28.0,10.0,340.0,294.0,3.97,40.0,758.0,10.0,202.0,305.0,0
0,24.0,17.0,158.2,3.0,6.0,0.0,57.0,165.0,2.84,15.0,137.0,0.0,28.0,50.0,0
0,638.0,448.0,4188.1,143.0,236.0,1.0,1910.0,2773.0,3.66,240.0,4063.0,1.0,1255.0,1704.0,1
0,27.0,13.0,86.1,0.0,10.0,0.0,78.0,68.0,7.63,1.0,97.0,0.0,61.0,73.0,0
0,168.0,18.0,118.0,0.0,3.0,4.0,63.0,115.0,4.58,8.0,109.0,4.0,70.0,60.0,0
0,10.0,1.0,27.0,0.0,2.0,0.0,17.0,9.0,5.33,1.0,34.0,0.0,13.0,16.0,0
0,361.0,260.0,2265.0,26.0,125.0,0.0,1168.0,1482.0,4.35,143.0,2407.0,0.0,554.0,1094.0,1
0,222.0,19.0,189.0,0.0,5.0,0.0,118.0,160.0,5.14,10.0,208.0,0.0,104.0,108.0,0
0,11.0,2.0,28.2,0.0,1.0,0.0,23.0,14.0,7.02,1.0,30.0,0.0,15.0,22.0,0
0,2.0,0.0,9.0,1.0,1.0,0.0,5.0,2.0,5.0,0.0,8.0,0.0,7.0,5.0,0
0,26.0,8.0,137.2,2.0,13.0,0.0,73.0,99.0,4.46,5.0,121.0,0.0,86.0,68.0,0
0,2.0,0.0,2.2,0.0,0.0,0.0,3.0,4.0,4.09,0.0,3.0,0.0,0.0,1.0,0
0,53.0,12.0,61.0,0.0,0.0,1.0,42.0,61.0,5.75,3.0,55.0,1.0,17.0,39.0,0
0,78.0,15.0,67.1,0.0,1.0,0.0,55.0,38.0,6.84,1.0,89.0,0.0,45.0,51.0,0
0,176.0,24.0,282.2,0.0,12.0,52.0,103.0,156.0,2.93,16.0,230.0,52.0,117.0,92.0,0
0,14.0,6.0,46.0,0.0,5.0,0.0,29.0,34.0,5.09,1.0,52.0,0.0,25.0,26.0,0
0,23.0,2.0,41.1,0.0,0.0,1.0,36.0,12.0,5.69,1.0,52.0,1.0,16.0,26.0,0
0,828.0,113.0,1404.1,2.0,82.0,23.0,808.0,842.0,4.46,88.0,1540.0,23.0,563.0,696.0,0
0,20.0,4.0,21.1,0.0,0.0,0.0,21.0,19.0,8.96,0.0,30.0,0.0,9.0,21.0,0
0,3.0,0.0,2.1,0.0,0.0,0.0,3.0,0.0,12.86,0.0,3.0,0.0,4.0,3.0,0
0,1.0,1.0,2.0,0.0,1.0,0.0,5.0,1.0,22.5,0.0,7.0,0.0,2.0,5.0,0
0,2.0,0.0,5.2,0.0,0.0,0.0,7.0,2.0,3.46,0.0,9.0,0.0,3.0,2.0,0
0,100.0,11.0,799.2,83.0,36.0,4.0,456.0,376.0,3.18,50.0,811.0,4.0,165.0,282.0,0
0,317.0,27.0,324.2,0.0,28.0,100.0,172.0,307.0,4.22,16.0,314.0,100.0,133.0,152.0,0
0,30.0,3.0,49.0,0.0,2.0,2.0,24.0,27.0,3.86,2.0,39.0,2.0,17.0,21.0,0
0,298.0,42.0,354.1,0.0,15.0,64.0,100.0,418.0,2.41,16.0,253.0,64.0,46.0,95.0,0
0,2.0,0.0,2.0,0.0,0.0,0.0,5.0,0.0,18.0,0.0,5.0,0.0,2.0,4.0,0
0,53.0,43.0,261.2,7.0,16.0,0.0,155.0,118.0,4.79,12.0,268.0,0.0,110.0,139.0,0
0,31.0,5.0,91.0,0.0,3.0,1.0,55.0,28.0,5.04,3.0,108.0,1.0,38.0,51.0,0
0,98.0,21.0,406.0,24.0,27.0,2.0,197.0,123.0,3.48,19.0,452.0,2.0,89.0,157.0,1
0,23.0,1.0,49.0,0.0,2.0,0.0,20.0,30.0,3.12,1.0,51.0,0.0,22.0,17.0,0
0,133.0,37.0,483.0,15.0,33.0,3.0,255.0,244.0,4.14,25.0,534.0,3.0,181.0,222.0,0
0,88.0,17.0,194.0,0.0,5.0,3.0,72.0,133.0,3.06,9.0,155.0,3.0,71.0,66.0,0
0,15.0,0.0,36.1,1.0,4.0,0.0,34.0,20.0,5.73,1.0,45.0,0.0,31.0,23.0,0
0,7.0,1.0,47.0,5.0,4.0,0.0,62.0,10.0,7.85,2.0,80.0,0.0,30.0,41.0,0
0,113.0,47.0,343.2,3.0,18.0,8.0,191.0,188.0,4.43,13.0,366.0,8.0,92.0,169.0,0
0,379.0,130.0,1586.0,35.0,87.0,18.0,772.0,948.0,3.89,86.0,1554.0,18.0,662.0,685.0,0
0,10.0,10.0,43.2,2.0,4.0,0.0,40.0,8.0,7.5,0.0,59.0,0.0,26.0,36.0,0
0,36.0,2.0,141.2,6.0,9.0,4.0,75.0,54.0,3.63,8.0,157.0,4.0,41.0,57.0,0
0,7.0,0.0,26.2,2.0,1.0,0.0,10.0,13.0,1.72,2.0,26.0,0.0,12.0,5.0,0
0,348.0,37.0,563.0,0.0,36.0,87.0,220.0,323.0,3.13,34.0,545.0,87.0,177.0,196.0,0
0,2.0,1.0,5.0,0.0,0.0,1.0,1.0,2.0,1.8,0.0,6.0,1.0,1.0,1.0,0
0,69.0,25.0,272.0,8.0,15.0,1.0,158.0,113.0,4.83,15.0,279.0,1.0,103.0,146.0,0
0,81.0,38.0,260.1,0.0,17.0,0.0,164.0,149.0,4.98,10.0,316.0,0.0,86.0,144.0,0
0,583.0,86.0,697.1,0.0,49.0,237.0,289.0,814.0,3.45,44.0,539.0,237.0,307.0,267.0,0
0,3.0,1.0,1.0,0.0,0.0,0.0,7.0,0.0,63.0,0.0,7.0,0.0,1.0,7.0,0
0,2.0,1.0,3.0,0.0,0.0,0.0,3.0,0.0,9.0,0.0,4.0,0.0,0.0,3.0,0
0,139.0,20.0,363.1,3.0,18.0,9.0,180.0,202.0,3.74,17.0,347.0,9.0,160.0,151.0,0
0,4.0,0.0,15.0,0.0,2.0,0.0,10.0,9.0,6.0,1.0,15.0,0.0,7.0,10.0,0
0,144.0,21.0,250.2,0.0,15.0,4.0,162.0,135.0,4.96,12.0,281.0,4.0,118.0,138.0,0
0,103.0,20.0,140.1,0.0,7.0,2.0,81.0,147.0,5.14,7.0,138.0,2.0,49.0,80.0,0
0,5.0,1.0,13.0,0.0,1.0,0.0,8.0,10.0,5.54,1.0,13.0,0.0,7.0,8.0,0
0,15.0,1.0,18.0,0.0,1.0,0.0,10.0,11.0,5.0,1.0,20.0,0.0,13.0,10.0,0
0,9.0,2.0,20.0,0.0,2.0,0.0,19.0,13.0,7.65,1.0,29.0,0.0,10.0,17.0,0
0,26.0,4.0,34.0,0.0,1.0,0.0,13.0,16.0,2.91,1.0,32.0,0.0,18.0,11.0,0
0,325.0,234.0,1827.1,13.0,105.0,1.0,892.0,1173.0,4.09,104.0,1872.0,1.0,523.0,830.0,0
0,24.0,3.0,26.0,0.0,0.0,0.0,18.0,25.0,5.88,0.0,29.0,0.0,15.0,17.0,0
0,74.0,9.0,72.2,0.0,1.0,0.0,49.0,59.0,5.61,3.0,84.0,0.0,42.0,45.0,0
0,3.0,4.0,5.2,0.0,1.0,0.0,7.0,3.0,12.12,0.0,11.0,0.0,2.0,7.0,0
0,116.0,46.0,302.2,1.0,20.0,0.0,194.0,190.0,5.06,12.0,332.0,0.0,109.0,170.0,0
0,46.0,29.0,221.0,7.0,12.0,1.0,121.0,87.0,4.81,14.0,240.0,1.0,76.0,118.0,0
0,42.0,9.0,45.2,0.0,4.0,4.0,37.0,39.0,6.77,2.0,46.0,4.0,37.0,34.0,0
0,108.0,35.0,257.0,3.0,14.0,3.0,145.0,94.0,4.73,13.0,266.0,3.0,122.0,135.0,0
0,453.0,226.0,2930.0,113.0,153.0,2.0,1303.0,2074.0,3.54,173.0,2718.0,2.0,1151.0,1154.0,1
0,85.0,31.0,317.1,4.0,20.0,5.0,181.0,179.0,4.85,15.0,361.0,5.0,117.0,171.0,0
0,626.0,67.0,630.1,0.0,33.0,288.0,255.0,692.0,3.27,27.0,490.0,288.0,264.0,229.0,0
0,6.0,0.0,24.1,0.0,0.0,0.0,15.0,5.0,5.23,0.0,29.0,0.0,13.0,14.0,0
0,207.0,39.0,712.1,17.0,41.0,6.0,498.0,339.0,5.6,33.0,838.0,6.0,368.0,443.0,0
0,26.0,14.0,90.0,0.0,13.0,0.0,100.0,65.0,9.2,2.0,125.0,0.0,68.0,92.0,0
0,11.0,4.0,28.2,0.0,2.0,0.0,27.0,11.0,7.98,0.0,39.0,0.0,20.0,25.0,0
0,16.0,1.0,19.0,0.0,2.0,0.0,19.0,11.0,9.0,1.0,16.0,0.0,24.0,19.0,0
0,44.0,19.0,160.1,5.0,11.0,1.0,99.0,103.0,5.17,7.0,170.0,1.0,63.0,92.0,0
0,7.0,1.0,10.1,0.0,0.0,0.0,7.0,3.0,5.35,0.0,12.0,0.0,3.0,6.0,0
0,50.0,33.0,183.2,0.0,11.0,0.0,131.0,179.0,6.09,8.0,204.0,0.0,96.0,124.0,0
0,5.0,0.0,21.2,0.0,0.0,0.0,13.0,13.0,3.4,0.0,20.0,0.0,11.0,8.0,0
0,23.0,15.0,99.2,1.0,9.0,0.0,69.0,60.0,5.99,5.0,105.0,0.0,50.0,66.0,0
0,5.0,2.0,30.0,1.0,3.0,0.0,13.0,5.0,3.0,1.0,38.0,0.0,6.0,10.0,0
0,359.0,143.0,907.0,2.0,52.0,4.0,587.0,711.0,5.58,40.0,944.0,4.0,461.0,562.0,0
0,11.0,8.0,31.1,0.0,3.0,0.0,22.0,13.0,5.79,1.0,35.0,0.0,14.0,20.0,0
0,442.0,132.0,2966.2,217.0,140.0,12.0,1246.0,2045.0,3.24,197.0,2809.0,12.0,840.0,1068.0,1
0,15.0,5.0,57.1,0.0,2.0,0.0,40.0,17.0,5.83,3.0,67.0,0.0,34.0,37.0,0
0,30.0,10.0,141.0,2.0,8.0,0.0,68.0,56.0,3.83,9.0,147.0,0.0,46.0,60.0,0
0,413.0,52.0,519.0,2.0,28.0,22.0,252.0,314.0,3.92,25.0,572.0,22.0,200.0,226.0,0
0,90.0,17.0,291.2,7.0,10.0,5.0,166.0,120.0,4.33,15.0,304.0,5.0,128.0,140.0,0
0,346.0,100.0,2104.2,131.0,121.0,2.0,915.0,1294.0,3.44,119.0,1799.0,2.0,1132.0,805.0,1
0,367.0,93.0,1715.2,91.0,102.0,20.0,1014.0,474.0,4.28,99.0,1894.0,20.0,700.0,815.0,0
0,84.0,46.0,477.1,1.0,26.0,0.0,274.0,300.0,4.55,27.0,470.0,0.0,220.0,241.0,0
0,26.0,0.0,15.2,0.0,2.0,0.0,10.0,10.0,5.92,0.0,19.0,0.0,13.0,10.0,0
0,3.0,0.0,4.0,0.0,0.0,0.0,1.0,1.0,2.25,0.0,2.0,0.0,7.0,1.0,0
0,217.0,127.0,764.2,0.0,40.0,1.0,440.0,544.0,4.83,48.0,801.0,1.0,294.0,410.0,0
0,37.0,13.0,192.0,0.0,7.0,0.0,64.0,171.0,2.86,12.0,162.0,0.0,56.0,61.0,0
0,2.0,0.0,6.0,0.0,0.0,0.0,7.0,3.0,10.5,0.0,9.0,0.0,4.0,7.0,0
0,1.0,0.0,2.0,0.0,0.0,0.0,2.0,0.0,0.0,0.0,2.0,0.0,1.0,0.0,0
0,13.0,7.0,69.1,0.0,4.0,0.0,28.0,57.0,3.26,4.0,67.0,0.0,19.0,25.0,0
0,3.0,0.0,1.2,0.0,0.0,0.0,1.0,2.0,7.5,0.0,3.0,0.0,0.0,1.0,0
0,407.0,37.0,2961.1,261.0,143.0,5.0,1063.0,2316.0,2.16,193.0,2460.0,5.0,803.0,711.0,1
0,113.0,33.0,215.1,1.0,11.0,15.0,106.0,118.0,4.31,15.0,179.0,15.0,83.0,103.0,0
0,118.0,49.0,371.1,5.0,17.0,10.0,198.0,235.0,4.34,19.0,364.0,10.0,181.0,179.0,0
0,161.0,23.0,177.2,0.0,6.0,0.0,78.0,137.0,3.66,11.0,158.0,0.0,41.0,72.0,0
0,171.0,43.0,668.1,20.0,40.0,3.0,421.0,291.0,5.0,27.0,690.0,3.0,440.0,371.0,0
0,61.0,19.0,126.1,0.0,5.0,1.0,67.0,125.0,4.0,8.0,134.0,1.0,69.0,56.0,0
0,47.0,16.0,367.2,39.0,38.0,0.0,393.0,87.0,6.86,6.0,524.0,0.0,199.0,280.0,0
0,113.0,68.0,384.1,1.0,27.0,0.0,250.0,226.0,5.34,18.0,427.0,0.0,129.0,228.0,0
0,853.0,82.0,903.0,0.0,40.0,422.0,262.0,1196.0,2.31,47.0,601.0,422.0,300.0,232.0,0
0,24.0,5.0,83.0,0.0,3.0,0.0,60.0,15.0,5.64,4.0,91.0,0.0,42.0,52.0,0
0,100.0,38.0,527.2,30.0,23.0,0.0,261.0,157.0,3.91,32.0,532.0,0.0,245.0,229.0,0
0,162.0,14.0,267.1,0.0,19.0,22.0,130.0,174.0,3.71,15.0,250.0,22.0,126.0,110.0,0
0,7.0,6.0,33.1,0.0,3.0,0.0,34.0,19.0,7.89,1.0,48.0,0.0,14.0,29.0,0
0,15.0,15.0,80.0,1.0,5.0,0.0,62.0,41.0,6.86,3.0,91.0,0.0,38.0,61.0,0
0,52.0,7.0,53.0,0.0,4.0,0.0,33.0,43.0,4.92,2.0,57.0,0.0,20.0,29.0,0
0,160.0,64.0,598.2,6.0,45.0,3.0,349.0,452.0,4.83,29.0,640.0,3.0,255.0,321.0,0
0,148.0,18.0,165.1,0.0,9.0,0.0,100.0,130.0,4.8,11.0,184.0,0.0,79.0,88.0,0
0,85.0,15.0,105.0,0.0,3.0,0.0,91.0,66.0,7.37,2.0,130.0,0.0,61.0,86.0,0
0,283.0,104.0,1562.2,21.0,67.0,3.0,565.0,1320.0,2.99,121.0,1425.0,3.0,389.0,519.0,1
0,317.0,110.0,1427.0,47.0,92.0,8.0,741.0,659.0,4.25,79.0,1514.0,8.0,568.0,674.0,0
0,62.0,10.0,119.2,0.0,5.0,2.0,57.0,61.0,3.62,3.0,103.0,2.0,61.0,48.0,0
0,627.0,418.0,3226.1,33.0,180.0,22.0,1791.0,2156.0,4.41,200.0,3152.0,22.0,1205.0,1582.0,0
0,544.0,163.0,2644.0,139.0,141.0,34.0,1423.0,1085.0,4.16,155.0,2795.0,34.0,1031.0,1223.0,1
0,2.0,0.0,5.0,0.0,0.0,1.0,4.0,2.0,7.2,0.0,10.0,1.0,2.0,4.0,0
0,242.0,13.0,221.0,0.0,14.0,39.0,78.0,265.0,3.01,12.0,176.0,39.0,96.0,74.0,0
0,24.0,3.0,32.1,0.0,1.0,0.0,13.0,12.0,3.64,1.0,37.0,0.0,12.0,13.0,0
0,350.0,143.0,1666.0,16.0,81.0,5.0,829.0,848.0,4.03,105.0,1671.0,5.0,606.0,746.0,0
0,272.0,99.0,1489.2,83.0,77.0,10.0,711.0,626.0,3.59,97.0,1576.0,10.0,538.0,594.0,0
0,74.0,6.0,481.0,40.0,31.0,0.0,238.0,203.0,3.52,25.0,485.0,0.0,142.0,188.0,0
0,4.0,0.0,20.0,1.0,2.0,0.0,16.0,5.0,4.5,0.0,24.0,0.0,13.0,10.0,0
0,4.0,2.0,35.0,4.0,3.0,0.0,31.0,18.0,5.91,1.0,36.0,0.0,14.0,23.0,0
0,545.0,73.0,442.0,0.0,21.0,12.0,226.0,318.0,4.13,19.0,463.0,12.0,110.0,203.0,0
0,190.0,97.0,747.0,16.0,44.0,13.0,397.0,326.0,4.36,37.0,734.0,13.0,341.0,362.0,0
0,122.0,10.0,102.0,0.0,3.0,0.0,59.0,95.0,4.76,7.0,84.0,0.0,63.0,54.0,0
0,243.0,43.0,825.1,16.0,47.0,9.0,375.0,558.0,3.64,45.0,763.0,9.0,408.0,334.0,0
0,88.0,18.0,161.0,0.0,11.0,2.0,105.0,76.0,5.09,3.0,181.0,2.0,95.0,91.0,0
0,5.0,4.0,14.2,0.0,3.0,0.0,14.0,5.0,7.61,0.0,21.0,0.0,9.0,12.0,0
0,61.0,9.0,297.1,17.0,23.0,1.0,173.0,143.0,4.0,7.0,306.0,1.0,136.0,132.0,0
0,144.0,48.0,339.1,0.0,14.0,4.0,181.0,191.0,4.49,20.0,362.0,4.0,133.0,169.0,0
0,91.0,13.0,386.0,17.0,27.0,5.0,218.0,148.0,3.99,17.0,408.0,5.0,155.0,171.0,0
0,100.0,9.0,126.0,0.0,6.0,1.0,67.0,92.0,4.0,7.0,127.0,1.0,58.0,56.0,0
0,43.0,9.0,51.2,0.0,4.0,0.0,42.0,34.0,7.21,3.0,70.0,0.0,24.0,41.0,0
0,472.0,105.0,695.1,0.0,39.0,51.0,426.0,553.0,5.14,33.0,754.0,51.0,270.0,397.0,0
0,7.0,2.0,20.0,0.0,0.0,0.0,13.0,14.0,5.4,1.0,22.0,0.0,13.0,12.0,0
0,1.0,0.0,1.0,0.0,1.0,0.0,2.0,0.0,18.0,0.0,3.0,0.0,1.0,2.0,0
0,21.0,4.0,44.2,0.0,4.0,0.0,42.0,12.0,7.94,1.0,62.0,0.0,15.0,39.0,0
0,41.0,5.0,40.1,0.0,2.0,1.0,18.0,47.0,3.82,0.0,40.0,1.0,15.0,17.0,0
0,239.0,26.0,248.0,0.0,17.0,4.0,154.0,222.0,5.12,12.0,253.0,4.0,135.0,141.0,0
0,141.0,26.0,704.2,43.0,25.0,0.0,387.0,160.0,4.03,49.0,751.0,0.0,296.0,315.0,0
0,33.0,8.0,148.1,7.0,12.0,0.0,93.0,35.0,4.92,1.0,167.0,0.0,44.0,81.0,0
0,14.0,4.0,26.0,0.0,0.0,0.0,23.0,12.0,6.23,0.0,34.0,0.0,11.0,18.0,0
0,38.0,1.0,126.0,3.0,4.0,1.0,65.0,43.0,3.93,8.0,137.0,1.0,33.0,55.0,0
0,25.0,2.0,58.0,1.0,1.0,1.0,26.0,16.0,3.88,1.0,61.0,1.0,20.0,25.0,0
0,45.0,3.0,319.2,32.0,24.0,0.0,189.0,103.0,3.67,15.0,396.0,0.0,87.0,130.0,0
0,5.0,2.0,30.0,3.0,3.0,0.0,33.0,10.0,8.1,1.0,49.0,0.0,17.0,27.0,0
0,136.0,53.0,414.1,4.0,24.0,2.0,242.0,229.0,4.96,22.0,444.0,2.0,191.0,228.0,0
0,1.0,1.0,3.0,0.0,0.0,0.0,6.0,1.0,12.0,0.0,7.0,0.0,1.0,4.0,0
0,12.0,2.0,28.1,0.0,2.0,0.0,26.0,12.0,7.69,1.0,40.0,0.0,19.0,24.0,0
0,4.0,1.0,3.1,0.0,0.0,0.0,4.0,4.0,11.61,0.0,3.0,0.0,7.0,4.0,0
0,174.0,19.0,285.0,0.0,17.0,10.0,131.0,194.0,3.79,16.0,290.0,10.0,132.0,120.0,0
0,42.0,5.0,143.1,4.0,11.0,1.0,95.0,59.0,5.35,5.0,183.0,1.0,68.0,85.0,0
0,18.0,2.0,47.1,0.0,5.0,0.0,34.0,23.0,5.73,2.0,58.0,0.0,24.0,30.0,0
0,162.0,112.0,757.1,3.0,47.0,0.0,408.0,447.0,4.62,32.0,805.0,0.0,222.0,389.0,0
0,21.0,6.0,79.0,0.0,7.0,0.0,47.0,34.0,5.13,3.0,80.0,0.0,33.0,45.0,0
0,94.0,45.0,539.0,10.0,34.0,0.0,249.0,424.0,3.74,30.0,428.0,0.0,280.0,224.0,0
0,181.0,41.0,460.0,2.0,48.0,20.0,243.0,245.0,3.89,15.0,471.0,20.0,167.0,199.0,0
0,9.0,0.0,35.0,1.0,3.0,0.0,32.0,13.0,5.91,2.0,39.0,0.0,21.0,23.0,0
0,193.0,136.0,1064.1,1.0,52.0,0.0,473.0,868.0,3.76,66.0,891.0,0.0,404.0,444.0,0
0,49.0,14.0,103.2,0.0,4.0,1.0,55.0,56.0,4.27,5.0,126.0,1.0,28.0,49.0,0
0,251.0,147.0,1107.0,15.0,53.0,0.0,581.0,536.0,4.31,69.0,1133.0,0.0,366.0,530.0,0
0,4.0,1.0,3.0,0.0,1.0,0.0,7.0,0.0,21.0,0.0,5.0,0.0,6.0,7.0,0
0,14.0,0.0,75.2,1.0,3.0,0.0,40.0,29.0,2.63,0.0,69.0,0.0,14.0,22.0,0
0,209.0,23.0,1384.2,120.0,95.0,4.0,629.0,560.0,3.11,63.0,1361.0,4.0,316.0,479.0,0
0,1.0,0.0,2.0,0.0,0.0,0.0,13.0,1.0,22.5,0.0,9.0,0.0,2.0,5.0,0
0,10.0,11.0,29.2,0.0,3.0,0.0,34.0,25.0,9.86,0.0,49.0,0.0,14.0,32.0,0
0,27.0,20.0,149.1,7.0,9.0,0.0,66.0,71.0,3.86,8.0,154.0,0.0,41.0,64.0,0
0,333.0,99.0,1189.2,20.0,95.0,25.0,661.0,857.0,4.4,55.0,1207.0,25.0,565.0,582.0,0
0,26.0,7.0,84.1,3.0,7.0,1.0,53.0,27.0,5.03,4.0,90.0,1.0,30.0,47.0,0
0,66.0,8.0,296.0,10.0,14.0,3.0,125.0,110.0,2.71,12.0,231.0,3.0,130.0,89.0,0
0,4.0,2.0,10.1,0.0,2.0,0.0,11.0,3.0,9.8,0.0,10.0,0.0,7.0,11.0,0
0,108.0,22.0,321.1,1.0,29.0,2.0,183.0,184.0,4.57,10.0,344.0,2.0,122.0,163.0,0
0,293.0,88.0,1177.1,29.0,67.0,3.0,529.0,669.0,3.52,69.0,1147.0,3.0,495.0,461.0,0
0,5.0,0.0,8.1,0.0,2.0,0.0,15.0,6.0,12.22,0.0,19.0,0.0,7.0,11.0,0
0,89.0,11.0,75.1,0.0,0.0,0.0,60.0,75.0,7.07,1.0,85.0,0.0,46.0,59.0,0
0,304.0,149.0,1849.0,79.0,109.0,1.0,889.0,705.0,3.74,111.0,1978.0,1.0,526.0,769.0,0
0,125.0,22.0,618.2,29.0,47.0,1.0,388.0,145.0,4.66,25.0,746.0,1.0,284.0,320.0,0
0,354.0,161.0,1959.0,10.0,91.0,0.0,879.0,1637.0,3.66,132.0,1709.0,0.0,898.0,797.0,1
0,187.0,78.0,706.1,1.0,44.0,3.0,399.0,529.0,4.64,45.0,669.0,3.0,404.0,364.0,0
0,17.0,1.0,69.2,3.0,6.0,1.0,31.0,28.0,2.47,1.0,66.0,1.0,23.0,19.0,0
0,158.0,33.0,224.2,0.0,14.0,23.0,121.0,99.0,4.54,13.0,256.0,23.0,58.0,113.0,0
0,111.0,20.0,183.0,0.0,6.0,10.0,89.0,148.0,3.79,9.0,155.0,10.0,85.0,77.0,0
0,4.0,3.0,5.0,0.0,0.0,0.0,7.0,3.0,10.8,0.0,11.0,0.0,1.0,6.0,0
0,3.0,0.0,5.0,0.0,0.0,0.0,0.0,2.0,0.0,0.0,4.0,0.0,1.0,0.0,0
0,49.0,5.0,51.0,0.0,3.0,0.0,22.0,52.0,3.35,3.0,45.0,0.0,24.0,19.0,0
0,10.0,4.0,52.0,0.0,6.0,0.0,33.0,31.0,5.19,1.0,49.0,0.0,30.0,30.0,0
0,48.0,9.0,48.1,0.0,1.0,1.0,30.0,42.0,5.24,0.0,56.0,1.0,19.0,28.0,0
0,63.0,12.0,188.0,1.0,5.0,4.0,90.0,81.0,3.64,10.0,201.0,4.0,72.0,76.0,0
0,114.0,10.0,151.0,0.0,1.0,0.0,72.0,70.0,3.87,6.0,159.0,0.0,46.0,65.0,0
0,476.0,18.0,467.1,0.0,18.0,33.0,150.0,312.0,2.52,30.0,412.0,33.0,165.0,131.0,0
0,1.0,0.0,6.0,0.0,1.0,0.0,7.0,1.0,10.5,0.0,12.0,0.0,0.0,7.0,0
0,2.0,0.0,2.1,0.0,1.0,0.0,3.0,0.0,8.57,0.0,4.0,0.0,1.0,2.0,0
0,2.0,0.0,10.0,0.0,0.0,0.0,4.0,0.0,1.8,0.0,9.0,0.0,8.0,2.0,0
0,196.0,29.0,228.2,0.0,12.0,32.0,88.0,213.0,3.27,17.0,178.0,32.0,73.0,83.0,1
0,12.0,0.0,8.0,0.0,0.0,0.0,8.0,3.0,7.88,0.0,14.0,0.0,4.0,7.0,0
0,149.0,81.0,913.0,8.0,42.0,0.0,365.0,750.0,3.28,58.0,867.0,0.0,187.0,333.0,1
0,1.0,0.0,4.1,0.0,0.0,0.0,8.0,1.0,17.56,0.0,11.0,0.0,1.0,8.0,0
0,66.0,15.0,299.0,15.0,16.0,6.0,176.0,108.0,4.3,13.0,390.0,6.0,80.0,143.0,0
0,2.0,0.0,0.2,0.0,0.0,0.0,2.0,1.0,90.0,0.0,1.0,0.0,5.0,2.0,0
0,430.0,278.0,2569.2,12.0,143.0,0.0,1246.0,1883.0,4.02,165.0,2369.0,0.0,1058.0,1149.0,1
0,13.0,0.0,48.2,2.0,5.0,0.0,32.0,23.0,5.23,1.0,46.0,0.0,37.0,28.0,0
0,250.0,54.0,929.1,30.0,53.0,8.0,423.0,207.0,3.55,43.0,956.0,8.0,301.0,366.0,0
0,224.0,35.0,786.0,23.0,42.0,6.0,418.0,383.0,4.28,43.0,767.0,6.0,468.0,374.0,0
0,171.0,18.0,209.2,0.0,12.0,5.0,80.0,210.0,3.05,13.0,169.0,5.0,114.0,71.0,0
0,265.0,56.0,642.1,9.0,36.0,40.0,296.0,223.0,3.55,32.0,660.0,40.0,203.0,253.0,0
